"rk","player","pos","age","g","mp","per","tspercent","x3par","ftr","orbpercent","drbpercent","trbpercent","astpercent","stlpercent","blkpercent","tovpercent","usgpercent","ows","dws","ws","ws_48","obpm","dbpm","bpm","vorp","gs","fg","fga","fgpercent","x3p","x3pa","x3ppercent","x2p","x2pa","x2ppercent","efgpercent","ft","fta","ftpercent","orb","drb","trb","ast","stl","blk","tov","pf","pts","mvp","roy","dpoy","smoy","mip"
1,"Kareem Abdul-Jabbar","C",41,74,1695,12.9,0.511,0.005,0.25,7.3,14.2,11,6.1,1.1,2.9,11.5,20.1,0.9,2,2.9,0.082,-2.3,0,-2.3,-0.1,74,4.2,8.9,0.475,0,0,0,4.2,8.9,0.477,0.475,1.6,2.2,0.739,1.4,3.1,4.5,1,0.5,1.1,1.3,2.6,10.1,0,0,0,0,0
2,"Mark Acres","C",26,62,632,8.2,0.507,0.009,0.421,10.9,15.6,13.3,3.7,1.5,0.6,14.5,10.4,0.4,0.5,0.9,0.066,-2.1,-0.4,-2.5,-0.1,0,0.9,1.8,0.482,0,0,1,0.9,1.8,0.478,0.487,0.4,0.8,0.542,1,1.4,2.4,0.3,0.3,0.1,0.4,1.5,2.2,0,0,0,0,0
3,"Michael Adams","PG",26,77,2787,17.5,0.567,0.431,0.363,2.5,8.3,5.2,22.2,2.7,0.2,12.5,19.7,5.4,2.9,8.3,0.143,3.8,-0.6,3.2,3.7,77,6.1,14.1,0.433,2.2,6.1,0.356,3.9,8,0.49,0.509,4.2,5.1,0.819,0.9,2.8,3.7,6.4,2.2,0.1,2.3,1.9,18.5,0,0,0,0,0
4,"Mark Aguirre","SF",29,80,2597,16.4,0.524,0.137,0.309,6.4,10,8.3,17.9,0.9,0.8,12.6,27.4,2.4,2.1,4.5,0.082,1.7,-1.2,0.5,1.7,76,7.3,15.9,0.461,0.6,2.2,0.293,6.7,13.7,0.488,0.481,3.6,4.9,0.733,1.8,3,4.8,3.5,0.6,0.5,2.6,2.9,18.9,0,0,0,0,0
5,"Danny Ainge","PG",29,73,2377,18,0.554,0.29,0.228,3.3,8.7,6,25.3,1.9,0.2,11.1,22.6,5.2,1.4,6.7,0.135,4,-1.6,2.3,2.6,54,6.6,14.4,0.457,1.6,4.2,0.38,5,10.2,0.488,0.512,2.8,3.3,0.854,1,2.5,3.5,5.5,1.3,0.1,2,2.5,17.5,0,0,0,0,0
6,"Mark Alarie","PF",25,74,1141,13.3,0.531,0.088,0.202,9.5,15.2,12.2,7.8,1,1.1,11.7,18.7,1.2,1,2.2,0.093,-0.7,-1,-1.8,0.1,5,2.8,5.8,0.478,0.2,0.5,0.342,2.6,5.3,0.491,0.493,1,1.2,0.839,1.4,2.1,3.4,0.9,0.3,0.3,0.8,2.2,6.7,0,0,0,0,0
7,"Steve Alford","PG",24,66,906,11.9,0.522,0.17,0.188,1.1,6.8,4,13.2,2.2,0.2,11.4,16.6,0.7,0.7,1.4,0.072,-1.7,-1.8,-3.5,-0.3,3,2.2,4.9,0.457,0.3,0.8,0.364,1.9,4.1,0.476,0.488,0.8,0.9,0.82,0.2,0.9,1.1,1.4,0.7,0,0.7,0.9,5.5,0,0,0,0,0
9,"Greg Anderson","PF",24,82,2401,14.9,0.516,0.003,0.441,11.2,20.2,15.5,3.7,2,2.6,14.2,20.6,0.4,3.1,3.4,0.069,-2.4,-0.1,-2.5,-0.3,56,5.6,11.1,0.503,0,0,0,5.6,11.1,0.505,0.503,2.5,4.9,0.514,3.1,5.1,8.2,0.7,1.2,1.3,2.2,2.7,13.7,0,0,0,0,0
11,"Richard Anderson","PF",28,72,1082,12,0.509,0.405,0.109,6,17.5,11.6,11.4,1.9,0.6,12.9,14.9,0.9,1.2,2.1,0.093,-0.7,0,-0.7,0.4,3,2,4.8,0.417,0.7,2,0.348,1.3,2.9,0.464,0.487,0.4,0.5,0.842,0.9,2.3,3.2,1.4,0.6,0.2,0.8,1.4,5.2,0,0,0,0,0
12,"Ron Anderson","SF",30,82,2618,15.3,0.531,0.01,0.199,7.1,10.3,8.7,7.9,1.3,0.5,9.1,21.9,3.5,0.9,4.4,0.081,0.7,-1.7,-1,0.7,12,6.9,14,0.491,0,0.1,0.182,6.9,13.9,0.494,0.492,2.4,2.8,0.856,2,2.9,5,1.7,0.9,0.3,1.5,2,16.2,0,0,0,0,0
13,"Willie Anderson","SF",22,81,2738,16.6,0.534,0.016,0.225,5.8,11.1,8.4,21.1,2.5,1.4,15.6,23.8,2.1,2.8,4.9,0.085,0.9,0.6,1.5,2.4,79,7.9,15.9,0.498,0,0.3,0.19,7.9,15.6,0.503,0.5,2.8,3.6,0.775,1.9,3.3,5.1,4.6,1.9,0.8,3.2,3.6,18.6,0,0,0,0,0
14,"John Bagley","PG",28,68,1642,11.3,0.467,0.112,0.256,2.4,7.6,4.9,33.1,2.1,0.2,22.9,17.3,-0.6,1,0.4,0.013,-2.5,-1.5,-4,-0.8,20,2.9,7.1,0.416,0.2,0.8,0.204,2.8,6.3,0.443,0.427,1.3,1.8,0.724,0.5,1.6,2.1,5.8,1.1,0.1,2.3,1.7,7.4,0,0,0,0,0
15,"Thurl Bailey","SF",27,82,2777,15.6,0.544,0.004,0.346,5,12.3,8.9,8.5,0.8,2,12.4,25.5,2.4,4.1,6.5,0.113,-1.1,0.3,-0.8,0.8,3,7.5,15.5,0.483,0,0.1,0.4,7.5,15.5,0.484,0.484,4.4,5.4,0.825,1.4,4,5.5,1.7,0.6,1.1,2.5,2.3,19.5,0,0,0,0,0
18,"Charles Barkley","PF",25,79,3088,27,0.653,0.134,0.661,14.5,21.3,17.9,16,2,1.3,14,24.4,13.2,2.9,16.1,0.25,8.5,1.3,9.8,9.2,79,8.9,15.3,0.579,0.4,2.1,0.216,8.4,13.2,0.636,0.594,7.6,10.1,0.753,5.1,7.4,12.5,4.1,1.6,0.8,3.2,3.3,25.8,0,0,0,0,0
19,"John Battle","SG",26,82,1672,13.5,0.532,0.054,0.379,1.9,7.3,4.6,17.1,1.2,0.3,12.4,20.4,2.2,1,3.2,0.092,-0.4,-2.1,-2.5,-0.2,0,3.5,7.7,0.457,0.1,0.4,0.324,3.4,7.2,0.465,0.466,2.4,2.9,0.815,0.4,1.3,1.7,2.4,0.5,0.1,1.3,1.5,9.5,0,0,0,0,0
20,"Benoit Benjamin","C",24,79,2585,17.4,0.593,0.002,0.47,6.8,21.9,14.4,8.7,1,4.7,17.8,20.3,2.3,2.9,5.1,0.095,-1.3,1.6,0.4,1.5,62,6.2,11.5,0.541,0,0,0,6.2,11.5,0.543,0.541,4,5.4,0.744,2.1,6.7,8.8,2,0.7,2.8,3,2.8,16.4,0,0,0,0,0
21,"Ricky Berry","SG",24,64,1406,13.1,0.552,0.282,0.293,4.3,10.9,7.5,8.5,1.3,0.9,11.4,21.1,1.6,0.8,2.4,0.083,0,-1.8,-1.7,0.1,21,4,8.9,0.45,1,2.5,0.406,3,6.4,0.467,0.507,2,2.6,0.789,0.9,2.2,3.1,1.3,0.6,0.3,1.3,3.1,11,0,0,0,0,0
22,"Walter Berry","PF",24,69,1355,13.2,0.54,0.004,0.285,6.9,14.8,10.8,8.5,1,2.1,13.6,19.5,1,1.4,2.4,0.085,-1.9,-0.1,-2,0,31,3.7,7.3,0.507,0,0,0.5,3.7,7.2,0.507,0.508,1.4,2.1,0.699,1.2,2.6,3.9,1.1,0.4,0.7,1.3,2.7,8.8,0,0,0,0,0
26,"Rolando Blackman","SG",29,78,2946,15.9,0.543,0.068,0.296,2.6,7.5,5.1,15.8,1.1,0.4,10.5,23.2,4.2,1.4,5.7,0.092,1.1,-1.7,-0.6,1,78,7.6,16,0.476,0.4,1.1,0.353,7.2,14.9,0.485,0.488,4.1,4.7,0.854,0.9,2.6,3.5,3.7,0.8,0.3,2.1,1.8,19.7,0,0,0,0,0
27,"Muggsy Bogues","PG",24,79,1755,15.3,0.463,0.031,0.211,3.2,7.4,5.2,46.2,3,0.2,21.4,13.6,1.6,1,2.6,0.07,-1.2,-1.9,-3.1,-0.5,21,2.3,5.3,0.426,0,0.2,0.077,2.2,5.1,0.437,0.427,0.8,1.1,0.75,0.7,1.4,2.1,7.8,1.4,0.1,1.6,1.8,5.4,0,0,0,0,0
28,"Manute Bol","C",26,80,1769,9.8,0.421,0.265,0.192,6.6,19.5,13.1,1.8,0.3,10.8,17.5,9.7,-1.2,2.8,1.7,0.046,-5.7,4.7,-1,0.4,4,1.6,4.3,0.369,0.3,1.1,0.22,1.3,3.2,0.423,0.398,0.5,0.8,0.606,1.5,4.3,5.8,0.3,0.1,4.3,1,2.8,3.9,0,0,0,0,0
32,"Adrian Branch","SF",25,67,811,15.7,0.509,0.071,0.275,8.2,9.6,8.8,10.8,2.6,0.2,11.6,26.3,0.7,0.8,1.5,0.087,-0.4,-2.2,-2.6,-0.1,4,3,6.5,0.463,0.1,0.5,0.226,2.9,6,0.481,0.471,1.3,1.8,0.725,0.9,1,2,0.9,0.7,0,1,1.5,7.4,0,0,0,0,0
34,"Frank Brickowski","C",29,64,1822,15,0.563,0.003,0.43,8.5,16.3,12.2,10.4,2.6,1.1,17.5,20.1,1.4,2.2,3.6,0.094,-0.5,0.9,0.4,1.1,60,5.3,10.2,0.515,0,0,0,5.3,10.2,0.517,0.515,3.1,4.4,0.715,2.3,4,6.3,2,1.6,0.5,2.6,3.9,13.7,0,0,0,0,0
35,"Scott Brooks","PG",23,82,1372,14,0.533,0.412,0.186,1.5,6.2,3.8,28.9,2.4,0.1,13.9,14.1,2.3,0.6,2.9,0.103,1.2,-2.7,-1.4,0.2,6,1.9,4.5,0.42,0.7,1.9,0.359,1.2,2.7,0.463,0.495,0.7,0.8,0.884,0.2,0.9,1.1,3.7,0.8,0,0.8,1.4,5.2,0,0,0,0,0
36,"Mike Brown","C",25,66,1051,8.4,0.491,0,0.524,10.5,16.3,13.6,5.5,1.2,1,20.1,15.4,-0.4,1.8,1.4,0.064,-3.8,1.2,-2.6,-0.2,16,1.6,3.8,0.419,0,0,NA,1.6,3.8,0.419,0.419,1.4,2,0.708,1.4,2.5,3.9,0.6,0.4,0.3,1.2,2,4.5,0,0,0,0,0
38,"Mark Bryant","PF",23,56,803,9.1,0.505,0,0.279,8.5,15.9,12.1,5.3,1.2,0.5,12.9,15.3,0.4,0.7,1.1,0.063,-2.9,-1.2,-4.1,-0.4,32,2.1,4.4,0.486,0,0,NA,2.1,4.4,0.486,0.486,0.7,1.2,0.58,1.2,2,3.2,0.6,0.4,0.1,0.7,2.6,5,0,0,0,0,0
40,"Michael Cage","PF",27,80,2536,14.7,0.553,0.006,0.421,11.8,22.3,16.9,6.4,1.7,1.2,14.2,13.7,3.7,2.9,6.7,0.126,0.3,1.3,1.6,2.3,71,3.9,7.9,0.498,0,0.1,0,3.9,7.8,0.502,0.498,2.5,3.3,0.743,3.5,6.1,9.6,1.6,1.2,0.7,1.6,2.3,10.3,0,0,0,0,0
41,"Tony Campbell","SF",26,63,787,12.5,0.508,0.061,0.241,8,10.2,9.2,8.5,2.3,0.4,14,23.3,0.2,0.9,1.1,0.065,-1.9,-1.5,-3.4,-0.3,2,2.5,5.5,0.458,0,0.3,0.095,2.5,5.1,0.481,0.461,1.1,1.3,0.843,0.8,1.2,2.1,0.7,0.6,0.1,1,1.7,6.2,0,0,0,0,0
42,"Antoine Carr","PF",27,78,1488,12.7,0.541,0.002,0.323,7.6,12.5,10,8.6,1,2.5,13.2,17,1.9,1.4,3.3,0.106,-0.7,0.4,-0.3,0.6,12,2.9,6,0.48,0,0,0,2.9,6,0.481,0.48,1.7,1.9,0.855,1.4,2.2,3.5,1.2,0.4,0.8,1.1,2.8,7.5,0,0,0,0,0
43,"Joe Barry Carroll","C",30,64,1996,14.2,0.497,0,0.272,6.4,20.4,13.2,8,1.7,2.4,13.6,21.5,0.1,2.2,2.3,0.056,-2.6,1.2,-1.4,0.3,62,5.7,12.7,0.448,0,0,NA,5.7,12.7,0.448,0.448,2.8,3.4,0.8,1.8,5.5,7.4,1.6,1.1,1.3,2.2,3,14.1,0,0,0,0,0
44,"Bill Cartwright","C",31,78,2333,11,0.535,0,0.401,7.8,17.7,12.9,5.4,0.4,1.1,17.4,20.1,0.1,2,2.1,0.042,-3.5,-1.3,-4.8,-1.7,76,4.7,9.8,0.475,0,0,NA,4.7,9.8,0.475,0.475,3,3.9,0.766,1.9,4.7,6.7,1.2,0.3,0.5,2.4,3,12.4,0,0,0,0,0
45,"Terry Catledge","PF",25,79,2077,12.6,0.518,0.007,0.373,11.6,18.8,15,5,1.1,0.7,13.1,17.6,1.4,1.9,3.3,0.077,-1.3,-0.6,-1.9,0,77,4.2,8.6,0.49,0,0.1,0.2,4.2,8.6,0.493,0.491,1.9,3.2,0.602,2.9,4.3,7.2,0.9,0.6,0.3,1.5,3.2,10.4,0,0,0,0,0
47,"Tom Chambers","PF",29,81,3002,19.3,0.547,0.052,0.364,5.3,18.4,12.1,11.1,1.3,1,10.8,28.2,5.1,4.1,9.2,0.146,1.2,0,1.2,2.4,81,9.6,20.3,0.471,0.3,1.1,0.326,9.2,19.2,0.479,0.48,6.3,7.4,0.851,1.8,6.7,8.4,2.9,1.1,0.7,2.9,3.3,25.7,0,0,0,0,0
49,"Rex Chapman","SG",21,75,2219,12.6,0.467,0.15,0.153,3.5,5.9,4.7,12.6,1.5,0.7,7.7,27.1,-0.7,0.4,-0.2,-0.005,-0.7,-2.5,-3.2,-0.7,44,7,16.9,0.414,0.8,2.5,0.314,6.2,14.4,0.431,0.437,2.1,2.6,0.795,1,1.5,2.5,2.3,0.9,0.3,1.5,2.2,16.9,0,0,0,0,0
50,"Maurice Cheeks","PG",32,71,2298,16.5,0.527,0.019,0.28,1.9,7.1,4.5,32.6,2.2,0.4,12.9,16.2,4.3,1,5.3,0.11,1.4,-1.5,-0.1,1.1,70,4.7,9.8,0.483,0,0.2,0.077,4.7,9.6,0.49,0.483,2.1,2.7,0.774,0.5,2,2.6,7.8,1.5,0.2,1.6,1.6,11.6,0,0,0,0,0
51,"Derrick Chievous","SF",21,81,1539,11.6,0.506,0.038,0.385,8.1,9.9,9,7.4,1.5,0.4,15.5,22.9,0,1.6,1.6,0.05,-2.5,-1.4,-3.9,-0.7,1,3.4,7.8,0.437,0.1,0.3,0.208,3.4,7.5,0.446,0.441,2.4,3,0.783,1.4,1.8,3.2,1,0.6,0.1,1.7,2,9.3,0,0,0,0,0
52,"Ben Coleman","PF",27,58,703,11.2,0.537,0,0.32,7.8,20.6,14.1,3.4,0.7,1.5,14.9,19.1,0.3,0.5,0.8,0.051,-3.4,-2.4,-5.8,-0.7,11,2,4.2,0.485,0,0,NA,2,4.2,0.485,0.485,1.1,1.3,0.792,0.8,2.2,3.1,0.3,0.2,0.3,0.8,2.1,5.1,0,0,0,0,0
53,"Steve Colter","PG",26,80,1425,14.1,0.503,0.055,0.365,4.6,9.6,7,21.2,2.3,0.6,10.8,16.7,1.8,1.3,3.1,0.105,-0.1,0,-0.1,0.7,5,2.5,5.7,0.444,0,0.3,0.12,2.5,5.4,0.463,0.447,1.6,2.1,0.749,0.8,1.5,2.3,2.8,0.9,0.2,0.8,2,6.7,0,0,0,0,0
54,"Dallas Comegys","PF",24,67,1119,11.9,0.532,0.006,0.472,10.5,12.5,11.5,3.7,1.7,3.4,17.1,17.3,0.3,1.1,1.4,0.06,-3,0.1,-2.9,-0.3,10,2.5,5.1,0.487,0,0,0,2.5,5.1,0.49,0.487,1.6,2.4,0.658,1.7,1.8,3.5,0.4,0.6,0.9,1.3,2.4,6.5,0,0,0,0,0
55,"Lester Conner","PG",29,82,2532,17.2,0.531,0.055,0.398,4.3,11.6,7.8,33.2,3.4,0.1,18.6,15.8,3.6,2.6,6.2,0.118,1.2,1.3,2.4,2.8,63,3.8,8.2,0.457,0.2,0.5,0.351,3.6,7.8,0.463,0.467,2.6,3.3,0.788,1.2,3.1,4.3,7.4,2.2,0.1,2.2,1.6,10.3,0,0,0,0,0
56,"Darwin Cook","SG",30,66,1143,11.8,0.495,0.086,0.163,3,7.2,5,15.6,2.8,0.5,14.7,20.3,-0.1,1.1,0.9,0.039,-2.3,-1.1,-3.3,-0.4,4,3.3,7.2,0.456,0.1,0.6,0.195,3.2,6.6,0.481,0.464,1,1.2,0.808,0.5,1.1,1.6,1.9,1.1,0.2,1.3,1.8,7.7,0,0,0,0,0
57,"Michael Cooper","SG",32,80,1943,11.9,0.549,0.425,0.188,2,8.5,5.5,20.3,1.8,0.9,14.9,13.4,2.6,1.8,4.4,0.11,0.7,-0.3,0.4,1.2,13,2.7,6.2,0.431,1,2.6,0.381,1.7,3.6,0.468,0.512,1,1.2,0.871,0.4,2,2.4,3.9,0.9,0.4,1.2,2.3,7.3,0,0,0,0,0
58,"Wayne Cooper","C",32,79,1864,13.6,0.53,0.009,0.239,11.1,23.8,17.1,5,0.9,6.4,13,11.6,1.9,3.1,5,0.128,-2.4,3.5,1,1.4,72,2.8,5.6,0.495,0,0.1,0.25,2.8,5.6,0.498,0.497,1,1.3,0.745,2.7,5.2,7.8,1,0.5,2.7,0.9,3.8,6.6,0,0,0,0,0
59,"Tyrone Corbin","SF",26,77,1655,14.7,0.592,0.004,0.394,11.8,13.7,12.8,8.9,2.3,0.4,14.7,15,3.1,2.3,5.4,0.156,1.9,1.8,3.6,2.3,30,3.2,5.9,0.54,0,0,0,3.2,5.9,0.542,0.54,1.8,2.3,0.788,2.3,2.9,5.2,1.5,1.1,0.2,1.2,2.9,8.2,0,0,0,0,0
60,"Dave Corzine","C",32,81,1483,10.8,0.497,0.018,0.218,7.4,16.8,12.3,9.5,1,1.8,16.2,16.6,-0.1,1.5,1.4,0.046,-3.5,0.2,-3.3,-0.5,7,2.5,5.4,0.461,0,0.1,0.25,2.5,5.3,0.465,0.464,0.9,1.2,0.74,1.1,2.8,3.9,1.3,0.4,0.6,1.1,1.7,5.9,0,0,0,0,0
63,"Terry Cummings","SF",27,80,2824,19.7,0.518,0.01,0.294,11.3,15.3,13.3,11.7,1.8,1.6,10.2,28.9,4.2,3.5,7.7,0.131,1.6,0,1.7,2.6,78,9.1,19.5,0.467,0.1,0.2,0.467,9,19.4,0.467,0.469,4.5,5.8,0.787,3.5,4.6,8.1,2.5,1.3,0.9,2.5,3.3,22.9,0,0,0,0,0
64,"Earl Cureton","C",31,82,2047,10.1,0.512,0.002,0.265,9.7,17.1,13.2,8.4,1.2,1.8,18,12.7,0.3,1.2,1.5,0.035,-2.2,1.7,-0.5,0.8,41,2.8,5.7,0.501,0,0,0,2.8,5.7,0.502,0.501,0.8,1.5,0.537,2.3,3.7,6,1.6,0.6,0.7,1.4,2.8,6.5,0,0,0,0,0
66,"Quintin Dailey","SG",28,69,1722,16.3,0.511,0.009,0.297,4.3,8.4,6.3,14.2,2.4,0.2,10.1,27.7,1.1,1,2,0.056,-0.3,-2.4,-2.8,-0.3,51,6.5,14,0.465,0,0.1,0.111,6.5,13.8,0.468,0.465,3.1,4.1,0.759,1,2,3,2.2,1.3,0.1,1.8,2.2,16.1,0,0,0,0,0
67,"Adrian Dantley","SF",32,73,2422,17.4,0.581,0.001,0.595,5.5,9,7.3,10.9,0.9,0.3,11.9,24.3,5.5,1.9,7.4,0.147,1.5,-1.3,0.2,1.4,67,6.4,13.1,0.493,0,0,0,6.4,13.1,0.493,0.493,6.3,7.8,0.81,1.6,2.7,4.3,2.3,0.6,0.2,2.2,2.5,19.2,0,0,0,0,0
68,"Brad Daugherty","C",23,78,2821,18.5,0.594,0.003,0.518,7.1,20.9,14.4,14.8,1.1,0.8,15.6,22.2,5,4.6,9.6,0.164,1.2,1.4,2.6,3.3,78,7,13,0.538,0,0,0.333,7,12.9,0.538,0.538,4.9,6.7,0.737,2.1,7.1,9.2,3.7,0.8,0.5,2.9,2.2,18.9,0,0,0,0,0
69,"Brad Davis","PG",33,78,1395,13.3,0.574,0.269,0.325,1.1,7.3,4.3,25.2,1.7,0.8,17.5,16.3,1.8,1,2.7,0.094,-0.2,-1.8,-2,0,4,2.3,4.9,0.483,0.4,1.3,0.314,1.9,3.6,0.545,0.525,1.3,1.6,0.805,0.2,1.2,1.4,3.1,0.6,0.2,1.2,1.9,6.4,0,0,0,0,0
72,"Walter Davis","SG",34,81,1857,16.7,0.544,0.064,0.185,2.2,6.5,4.2,15.3,1.7,0.2,10.2,26.7,2.1,1.4,3.5,0.092,0.6,-3.1,-2.5,-0.2,0,6.6,13.3,0.498,0.2,0.9,0.29,6.4,12.4,0.512,0.507,2.2,2.5,0.879,0.5,1.4,1.9,2.3,0.9,0.1,1.6,2.3,15.6,0,0,0,0,0
75,"Vinny Del Negro","SG",22,80,1556,12.7,0.52,0.04,0.199,3.3,8.6,5.9,19,2,0.5,12.3,16.4,1.5,1,2.5,0.077,-1.2,-0.6,-1.8,0.1,2,3,6.3,0.475,0.1,0.3,0.3,2.9,6,0.482,0.481,1.1,1.3,0.85,0.6,1.5,2.1,2.6,0.8,0.2,1,2,7.1,0,0,0,0,0
79,"Clyde Drexler","SG",26,78,3064,23.6,0.555,0.062,0.328,9.9,11.9,10.9,22.2,3.2,1,11.6,27.2,8.8,3.8,12.6,0.197,5.9,1.5,7.3,7.2,78,10.6,21.4,0.496,0.3,1.3,0.26,10.3,20.1,0.511,0.504,5.6,7,0.799,3.7,4.2,7.9,5.8,2.7,0.7,3.2,3.4,27.2,0,0,0,0,0
80,"Kevin Duckworth","C",24,79,2662,13.9,0.531,0.002,0.369,9.7,16.4,12.9,3.1,1,1.1,12.9,22.4,2.5,2.3,4.8,0.086,-1.7,-2,-3.7,-1.1,79,7,14.7,0.477,0,0,0,7,14.7,0.478,0.477,4.1,5.4,0.757,3.1,4.9,8,0.8,0.7,0.6,2.5,3.8,18.1,0,0,0,0,0
81,"Chris Dudley","C",23,61,544,8.7,0.43,0.006,0.637,15.8,16.7,16.3,5.2,0.8,2.4,17,20.2,-0.7,0.8,0.1,0.011,-5,-0.6,-5.6,-0.5,2,1.2,2.8,0.435,0,0,0,1.2,2.7,0.437,0.435,0.6,1.8,0.364,1.2,1.4,2.6,0.3,0.1,0.4,0.7,1.3,3,0,0,0,0,0
82,"Joe Dumars","SG",25,69,2408,16.8,0.571,0.032,0.339,2.8,5.2,4,24.3,1.3,0.1,14.6,21.6,4.8,2.2,7,0.14,2,-0.8,1.1,1.9,67,6.6,13.1,0.505,0.2,0.4,0.483,6.4,12.7,0.506,0.513,3.8,4.4,0.85,0.8,1.7,2.5,5.7,0.9,0.1,2.6,1.5,17.2,0,0,0,0,0
85,"Ledell Eackles","SG",22,80,1459,15.2,0.519,0.055,0.473,7.2,6.2,6.7,12.6,1.3,0.2,12.6,27.8,1.4,0.8,2.1,0.07,0,-3,-3,-0.4,6,4,9.2,0.434,0.1,0.5,0.225,3.9,8.7,0.447,0.441,3.4,4.3,0.786,1.3,1,2.3,1.5,0.5,0.1,1.6,2,11.5,0,0,0,0,0
86,"Mark Eaton","C",32,82,2914,10.6,0.513,0,0.491,9.4,21.8,16.1,3.8,0.7,6.5,22.3,9.2,0,6.5,6.6,0.108,-3.1,6.1,3,3.7,82,2.3,5,0.462,0,0,NA,2.3,5,0.462,0.462,1.6,2.4,0.66,2.8,7.5,10.3,1,0.5,3.8,1.7,3.5,6.2,0,0,1,0,0
87,"James Edwards","C",33,76,1254,11.6,0.547,0.005,0.46,6.4,14,10.4,5.7,0.4,1.5,12.4,19.8,1.3,1.5,2.8,0.109,-1.9,-0.5,-2.4,-0.1,1,2.8,5.6,0.5,0,0,0,2.8,5.5,0.502,0.5,1.8,2.6,0.686,0.9,2.1,3,0.6,0.1,0.4,0.9,3,7.3,0,0,0,0,0
88,"Kevin Edwards","SG",23,79,2349,12.6,0.46,0.033,0.175,3.9,8.8,6.3,24.3,2.9,0.7,17.1,24.8,-2.3,2.2,-0.2,-0.003,-2.1,0,-2.1,-0.1,62,5.9,14,0.425,0.1,0.5,0.27,5.8,13.5,0.431,0.43,1.8,2.4,0.746,1.1,2.2,3.3,4.4,1.8,0.3,3.1,1.9,13.8,0,0,0,0,0
89,"Craig Ehlo","SG",27,82,1867,13.7,0.528,0.191,0.223,6.4,11.2,8.9,19.2,2.9,0.6,16.8,15.7,1.5,3.1,4.6,0.118,0.3,2,2.3,2,4,3,6.4,0.475,0.5,1.2,0.39,2.6,5.2,0.495,0.512,0.9,1.4,0.607,1.2,2.4,3.6,3.2,1.3,0.2,1.4,2,7.4,0,0,0,0,0
90,"Dale Ellis","SG",28,82,3190,19.7,0.589,0.198,0.27,5.3,6.7,6,8.1,1.6,0.4,10.2,26.6,9.2,1.6,10.8,0.163,4.6,-2.6,2.1,3.3,82,10.5,20.9,0.501,2,4.1,0.478,8.5,16.7,0.507,0.549,4.6,5.6,0.816,1.9,2.3,4.2,2,1.3,0.3,2.7,2.4,27.5,0,0,0,0,0
92,"Alex English","SF",35,82,2990,19,0.531,0.004,0.201,4.8,6.5,5.6,19.7,1,0.2,8.8,28.8,5.1,1.7,6.8,0.11,2.5,-2.7,-0.2,1.3,82,11.3,22.9,0.491,0,0.1,0.25,11.2,22.8,0.492,0.492,4,4.6,0.858,1.8,2.2,4,4.7,0.8,0.1,2.4,2.1,26.5,0,0,0,0,0
93,"Patrick Ewing","C",26,80,2896,22.1,0.607,0.005,0.378,8,20.7,14.2,9.5,1.9,5.6,15.1,23.6,6.2,4.7,10.9,0.181,1.5,3.2,4.7,4.9,80,9.1,16,0.567,0,0.1,0,9.1,16,0.57,0.567,4.5,6.1,0.746,2.7,6.6,9.3,2.4,1.5,3.5,3.3,3.9,22.7,0,0,0,0,0
95,"Dave Feitl","C",26,57,828,8.7,0.485,0.004,0.244,8.7,18.3,13.3,5.8,1,1.3,18.1,17.4,-0.4,0.8,0.4,0.022,-4.3,-0.5,-4.8,-0.6,36,2,4.7,0.436,0,0,0,2,4.6,0.438,0.436,0.9,1.1,0.831,1.2,2.3,3.5,0.6,0.3,0.3,1.1,2.4,5,0,0,0,0,0
98,"Vern Fleming","PG",26,76,2552,15.8,0.572,0.028,0.373,3.9,9.2,6.7,28.1,1.5,0.3,16.8,18.7,4.6,1.1,5.6,0.106,1.7,-0.8,0.8,1.8,69,5.5,10.7,0.515,0,0.3,0.13,5.5,10.4,0.526,0.517,3.2,4,0.799,1.1,3,4.1,6.5,1,0.2,2.5,2.8,14.3,0,0,0,0,0
99,"Sleepy Floyd","PG",28,82,2788,16.4,0.565,0.327,0.346,1.9,9.9,5.9,35.5,2.1,0.2,19.7,18.5,4.4,3.3,7.7,0.133,2.3,-0.7,1.5,2.5,82,4.8,10.9,0.443,1.3,3.6,0.373,3.5,7.3,0.478,0.504,3.2,3.8,0.845,0.6,3.1,3.7,8.6,1.5,0.1,3.1,2.4,14.2,0,0,0,0,0
104,"Winston Garland","PG",24,79,2661,14.7,0.483,0.04,0.234,3.8,8.5,6.2,24.9,2.9,0.3,13.6,19.5,1.9,2.6,4.5,0.082,0,0.1,0,1.4,79,5.9,13.6,0.434,0.1,0.5,0.233,5.8,13.1,0.442,0.439,2.6,3.2,0.809,1.3,2.9,4.2,6.4,2.2,0.2,2.4,2.7,14.5,0,0,0,0,0
105,"Tom Garrick","SG",22,71,1499,11,0.547,0.036,0.354,2.6,8.5,5.6,21,2.4,0.3,21.9,14,0.5,0.9,1.4,0.044,-2.4,-0.7,-3.1,-0.4,20,2.5,5.1,0.49,0,0.2,0,2.5,4.9,0.509,0.49,1.4,1.8,0.803,0.5,1.7,2.2,3.4,1.1,0.1,1.6,2,6.4,0,0,0,0,0
108,"Armen Gilliam","PF",24,74,2120,15.7,0.548,0,0.347,8.7,18.1,13.6,3.4,1.2,0.7,11.6,22.7,2.3,2.7,5.1,0.115,-0.9,-1.2,-2.1,-0.1,60,6.3,12.6,0.503,0,0,NA,6.3,12.6,0.503,0.503,3.2,4.4,0.743,2.2,5.1,7.3,0.7,0.7,0.4,1.9,2.4,15.9,0,0,0,0,0
109,"Mike Gminski","C",29,82,2739,18.5,0.535,0.005,0.292,8.7,22.9,15.7,7.4,0.8,2.3,8.9,21.9,4.8,2.2,7,0.122,0.2,-0.4,-0.2,1.2,82,6.8,14.2,0.477,0,0.1,0,6.8,14.1,0.479,0.477,3.6,4.2,0.871,2.6,6.8,9.4,1.7,0.6,1.3,1.6,1.7,17.2,0,0,0,0,0
112,"Ron Grandison","PF",24,72,528,10.1,0.499,0.07,0.563,10.4,9.7,10,10.2,1.7,0.3,16.9,16.8,0.3,0.3,0.6,0.055,-1.4,-1.2,-2.7,-0.1,0,0.8,2,0.415,0,0.1,0,0.8,1.8,0.447,0.415,0.8,1.1,0.738,0.7,0.6,1.3,0.6,0.3,0,0.5,1,2.5,0,0,0,0,0
113,"Gary Grant","PG",23,71,1924,14.1,0.469,0.027,0.195,4.5,8.8,6.6,37.6,3.4,0.3,22.3,23.8,-2,1.6,-0.4,-0.009,-1.4,-0.6,-2.1,0,48,5.1,11.7,0.435,0.1,0.3,0.227,5,11.4,0.441,0.438,1.7,2.3,0.735,1.1,2.2,3.4,7.1,2,0.1,3.6,2.4,11.9,0,0,0,0,0
114,"Harvey Grant","PF",23,71,1193,10.6,0.477,0.003,0.146,6.6,8.4,7.5,9,1.4,1.4,6.3,14.9,0.9,0.9,1.7,0.07,-1.6,-0.1,-1.7,0.1,1,2.5,5.5,0.464,0,0,0,2.5,5.5,0.465,0.464,0.5,0.8,0.596,1.1,1.2,2.3,1.1,0.5,0.4,0.4,2.1,5.6,0,0,0,0,0
115,"Horace Grant","PF",23,79,2809,13.8,0.547,0.006,0.255,10.2,17.6,14,8.2,1.5,1.3,12.8,15.2,3.3,3.1,6.4,0.11,-0.2,1.3,1.1,2.2,79,5.1,9.9,0.519,0,0.1,0,5.1,9.8,0.522,0.519,1.8,2.5,0.704,3,5.6,8.6,2.1,1.1,0.8,1.6,3.2,12,0,0,0,0,0
116,"Stuart Gray","C",25,72,783,9.1,0.519,0.007,0.418,12.6,21.6,17.3,4.9,0.7,1.6,20.9,12.2,0.2,0.7,0.9,0.054,-3.2,-0.2,-3.4,-0.3,0,1,2.1,0.471,0,0,0,1,2.1,0.474,0.471,0.6,0.9,0.688,1.2,2.2,3.4,0.4,0.2,0.3,0.7,1.8,2.6,0,0,0,0,0
119,"A.C. Green","PF",25,82,2510,17.8,0.594,0.022,0.474,12.3,20,16.4,5.5,1.8,1.2,11.5,17,5.8,3.5,9.4,0.179,1.6,0.6,2.2,2.7,82,4.9,9.2,0.529,0,0.2,0.235,4.8,9,0.536,0.532,3.4,4.4,0.786,3.1,5.9,9,1.3,1.1,0.7,1.5,2.1,13.3,0,0,0,0,0
120,"Rickey Green","PG",34,63,871,13.7,0.522,0.042,0.125,1.4,7.8,4.5,30,2.2,0.1,18,16.1,0.6,0.6,1.2,0.067,-1.7,-1.9,-3.6,-0.3,2,2,4.2,0.489,0,0.2,0.273,2,4,0.498,0.494,0.5,0.5,0.909,0.2,0.9,1.1,3,0.6,0,1,0.6,4.6,0,0,0,0,0
121,"Sidney Green","PF",28,82,1277,12.6,0.52,0.007,0.403,13.3,21.1,17.2,7.6,1.7,0.8,20.1,18.9,0.4,1.5,2,0.075,-2.3,-0.1,-2.4,-0.1,0,2.4,5.1,0.46,0,0,0,2.4,5.1,0.463,0.46,1.6,2.1,0.759,1.9,2.9,4.8,0.9,0.6,0.2,1.5,2.1,6.3,0,0,0,0,0
122,"Dave Greenwood","PF",31,67,1403,11.8,0.493,0,0.446,10.2,21,15.3,8.6,1.5,2.1,16.2,15.5,0.5,1.8,2.2,0.076,-2.9,1.1,-1.8,0.1,18,2.5,5.9,0.423,0,0,NA,2.5,5.9,0.423,0.423,2,2.6,0.75,2.1,3.9,6,1.4,0.7,0.8,1.4,3,7,0,0,0,0,0
123,"Darrell Griffith","SG",30,82,2382,12.3,0.504,0.188,0.174,3.9,11,7.7,8.9,1.8,0.6,11.1,22.5,0.2,3.7,3.9,0.078,-1.2,0.3,-0.9,0.7,73,5.7,12.7,0.446,0.7,2.4,0.311,4.9,10.4,0.477,0.475,1.7,2.2,0.78,0.9,3.1,4,1.6,1,0.3,1.7,2.1,13.8,0,0,0,0,0
128,"Derek Harper","PG",27,81,2968,18.3,0.561,0.247,0.252,1.7,6.7,4.2,30.1,2.9,0.8,14.1,21.2,5.2,2.8,8,0.13,3.3,-0.6,2.8,3.6,81,6.6,13.9,0.477,1.2,3.4,0.356,5.4,10.5,0.517,0.521,2.8,3.5,0.806,0.6,2.2,2.8,7,2.1,0.5,2.5,2.7,17.3,0,0,0,0,0
129,"Ron Harper","SG",25,82,2851,19.8,0.57,0.101,0.374,5.1,10.8,8.1,22.7,3.2,1.5,14.7,23.4,5.1,5.1,10.2,0.171,2.9,2.3,5.2,5.2,82,7.2,14,0.511,0.4,1.4,0.25,6.8,12.6,0.54,0.523,3.9,5.2,0.751,1.5,3.5,5,5.3,2.3,0.9,2.8,2.7,18.6,0,0,0,0,0
131,"Scott Hastings","C",28,75,1206,9.4,0.515,0.085,0.326,6.5,15.4,10.8,7.1,1.3,2.1,15.3,14.9,0.4,1.1,1.5,0.061,-3.4,0.3,-3.2,-0.3,6,1.9,4.4,0.436,0.1,0.4,0.321,1.8,4,0.447,0.45,1.2,1.4,0.85,1,2.1,3.1,0.8,0.4,0.6,0.9,2.7,5.1,0,0,0,0,0
132,"Hersey Hawkins","SG",22,79,2577,14.2,0.544,0.171,0.299,2.2,7.6,4.9,13,2.3,0.8,12.6,20.3,2.7,1.3,4,0.075,1,-0.6,0.3,1.5,79,5.6,12.3,0.455,0.9,2.1,0.428,4.7,10.2,0.461,0.492,3.1,3.7,0.831,0.6,2.2,2.8,3,1.5,0.5,2,2.3,15.1,0,0,0,0,0
133,"Gerald Henderson","PG",33,65,986,12.1,0.526,0.307,0.365,1.9,5.8,3.9,19.2,2.1,0.2,15.3,20.1,0.8,0.3,1.1,0.055,0.1,-2.7,-2.6,-0.2,0,2.2,5.4,0.414,0.5,1.6,0.308,1.7,3.7,0.461,0.461,1.6,2,0.819,0.3,0.8,1,2.2,0.6,0,1.1,1.9,6.5,0,0,0,0,0
134,"Rod Higgins","PF",29,81,1887,15.5,0.583,0.265,0.362,5.9,14,10,10.9,0.9,1.2,9.4,16.2,4.4,1.5,5.9,0.15,1.4,-0.9,0.5,1.2,1,3.7,7.8,0.476,0.8,2.1,0.393,2.9,5.7,0.505,0.528,2.3,2.8,0.821,1.4,3.3,4.6,2,0.5,0.5,0.9,2.1,10.6,0,0,0,0,0
135,"Roy Hinson","SF",27,82,2542,14.7,0.54,0.002,0.409,6.4,16.7,11.4,4.3,0.6,2.8,12,22.2,2.4,2,4.4,0.084,-1.9,-0.7,-2.6,-0.4,39,6,12.5,0.482,0,0,0,6,12.5,0.483,0.482,3.9,5.1,0.757,1.9,4.5,6.4,0.9,0.4,1.5,2,3.6,16,0,0,0,0,0
136,"Craig Hodges","SG",28,59,1204,14.5,0.581,0.419,0.133,2.3,6.1,4.3,17.2,1.8,0.2,11.1,18.1,2.1,0.8,2.9,0.117,1.8,-2.3,-0.5,0.5,6,3.4,7.3,0.472,1.3,3.1,0.417,2.2,4.2,0.512,0.559,0.8,1,0.842,0.4,1.1,1.5,2.5,0.7,0.1,1,1.5,9,0,0,0,0,0
137,"Mike Holton","PG",27,67,1696,12.3,0.488,0.028,0.284,1.9,5.2,3.4,33.8,1.9,0.4,17.3,16.6,0.9,0.4,1.3,0.038,-1.6,-2.4,-4.1,-0.9,60,3.2,7.5,0.427,0,0.2,0.214,3.2,7.3,0.433,0.43,1.8,2.1,0.839,0.4,1.1,1.6,6.3,1,0.2,1.8,2.5,8.3,0,0,0,0,0
138,"Dave Hoppen","C",24,77,1419,11.8,0.604,0.006,0.394,9.1,21.5,15,5.5,0.8,0.9,15.7,14.2,1.7,0.9,2.6,0.086,-1.7,-0.3,-1.9,0,36,2.6,4.6,0.564,0,0,0.5,2.6,4.6,0.564,0.565,1.3,1.8,0.727,1.6,3.4,5,0.7,0.3,0.3,1,3.1,6.5,0,0,0,0,0
139,"Dennis Hopson","SG",23,62,1551,13.8,0.486,0.038,0.307,6.3,8.2,7.2,10.2,2.2,1.2,11.2,24.1,0.6,1.2,1.7,0.053,-1.3,-0.6,-1.9,0,36,4.8,11.5,0.419,0.1,0.4,0.148,4.8,11.1,0.429,0.422,3,3.5,0.849,1.5,1.8,3.3,1.7,1.1,0.5,1.6,2.4,12.7,0,0,0,0,0
141,"Jeff Hornacek","SG",25,78,2487,16.3,0.545,0.091,0.2,3.4,7.8,5.7,24.2,2.4,0.2,10.3,17.2,4.9,2.8,7.7,0.149,2.5,0.7,3.2,3.3,73,5.6,11.4,0.495,0.3,1,0.333,5.3,10.4,0.511,0.51,1.9,2.3,0.826,1,2.4,3.4,6,1.7,0.1,1.4,2.4,13.5,0,0,0,0,0
144,"Jay Humphries","PG",26,73,2220,14.6,0.539,0.132,0.221,3.6,6.3,4.9,25.9,3.1,0.1,17,17.6,2.4,2.5,4.9,0.105,1.2,0.2,1.3,1.9,50,4.7,9.8,0.483,0.3,1.3,0.266,4.4,8.5,0.516,0.501,1.8,2.2,0.816,1,1.6,2.6,5.5,1.9,0.1,2.2,2.6,11.6,0,0,0,0,0
145,"Marc Iavaroni","PF",32,77,796,5.3,0.494,0.006,0.27,6.2,11.8,9.2,5.6,0.7,1,22.2,12.4,-0.5,1.1,0.6,0.036,-4.8,0.9,-3.9,-0.4,50,0.9,2.1,0.442,0,0,0,0.9,2.1,0.444,0.442,0.5,0.6,0.818,0.5,1.2,1.7,0.4,0.1,0.2,0.7,1.3,2.3,0,0,0,0,0
146,"Mark Jackson","PG",23,72,2477,18.3,0.535,0.234,0.252,4.6,10.8,7.7,33.7,2.6,0.2,16.6,21.3,4.8,2.5,7.2,0.14,3.2,0.1,3.3,3.3,72,6.7,14.2,0.467,1.1,3.3,0.338,5.5,10.9,0.507,0.507,2.5,3.6,0.698,1.5,3.3,4.7,8.6,1.9,0.1,3.1,2.3,16.9,0,0,0,0,0
149,"Buck Johnson","SF",25,67,1850,11.4,0.559,0.017,0.26,6.7,10,8.4,9.5,1.6,1.1,16.1,14.9,1.5,2.1,3.6,0.094,-0.7,1.2,0.5,1.1,51,4,7.7,0.524,0,0.1,0.111,4,7.6,0.532,0.525,1.5,2,0.754,1.7,2.6,4.3,1.9,1,0.5,1.6,3.2,9.6,0,0,0,0,0
150,"Dennis Johnson","PG",34,72,2309,11.5,0.498,0.078,0.306,1.6,7.8,4.7,26.6,2,0.5,19.5,16.2,1,1.5,2.5,0.051,-1.1,-0.9,-2,0,72,3.8,8.9,0.434,0.1,0.7,0.14,3.8,8.2,0.459,0.44,2.2,2.7,0.821,0.4,2.2,2.6,6.6,1.3,0.3,2.4,2.9,10,0,0,0,0,0
151,"Eddie Johnson","SF",29,70,2043,19.4,0.564,0.141,0.204,5,10.7,8,12.2,1.1,0.2,8.4,28.3,4.6,1.9,6.5,0.152,3.3,-2,1.3,1.7,7,8.7,17.5,0.497,1,2.5,0.413,7.7,15,0.51,0.526,3.1,3.6,0.868,1.3,3.1,4.4,2.3,0.7,0.1,1.7,2.8,21.5,0,0,0,1,0
152,"Frank Johnson","PG",30,67,879,10.4,0.512,0.024,0.378,2.7,7,4.9,28,2.3,0,26.2,17.8,-0.3,1,0.6,0.034,-3.4,-1.3,-4.7,-0.6,0,1.6,3.7,0.443,0,0.1,0.167,1.6,3.6,0.45,0.445,1.1,1.4,0.806,0.3,0.9,1.2,2.7,0.6,0,1.5,1.4,4.4,0,0,0,0,0
153,"Kevin Johnson","PG",22,81,3179,20.5,0.597,0.02,0.511,1.6,9.4,5.7,40.4,2,0.4,18.9,21.2,8.6,3.5,12.2,0.184,3.7,-0.1,3.5,4.5,81,7,13.9,0.505,0,0.3,0.091,7,13.7,0.514,0.506,6.3,7.1,0.882,0.6,3.6,4.2,12.2,1.7,0.3,4,2.8,20.4,0,0,0,0,1
154,"Magic Johnson","PG",29,77,2886,26.9,0.625,0.165,0.495,4.6,18,11.7,48.6,2.3,0.4,18.4,24.3,12.1,4,16.1,0.267,7.9,1.4,9.3,8.2,77,7.5,14.8,0.509,0.8,2.4,0.314,6.8,12.3,0.548,0.535,6.7,7.3,0.911,1.4,6.4,7.9,12.8,1.8,0.3,4.1,2.2,22.5,1,0,0,0,0
155,"Steve Johnson","C",31,72,1477,12.4,0.536,0,0.434,9.6,17,13.2,9.7,0.6,1.7,17.2,21.2,0.5,1.3,1.7,0.056,-1.9,-0.9,-2.8,-0.3,11,4.1,7.8,0.524,0,0,NA,4.1,7.8,0.524,0.524,1.8,3.4,0.527,1.9,3.1,5,1.5,0.3,0.6,1.9,3.5,10,0,0,0,0,0
156,"Vinnie Johnson","SG",32,82,2073,17.3,0.508,0.044,0.264,6.2,7.6,7,18.4,1.8,0.5,8.6,25.1,3.4,2.4,5.9,0.136,1.6,-0.1,1.5,1.8,21,5.6,12.1,0.464,0.2,0.5,0.295,5.5,11.6,0.472,0.47,2.4,3.2,0.734,1.3,1.8,3.1,3,0.9,0.2,1.3,1.9,13.8,0,0,0,0,0
159,"Caldwell Jones","PF",38,72,1279,6.8,0.481,0.005,0.333,7.2,18.6,12.7,5.3,0.9,3.9,28.3,8.8,-0.6,1.5,0.8,0.031,-4.9,2.6,-2.4,-0.1,40,1.1,2.5,0.421,0,0,0,1.1,2.5,0.423,0.421,0.7,0.8,0.787,1.2,2.9,4.2,0.8,0.3,1.2,1.2,2.3,2.8,0,0,0,0,0
163,"Michael Jordan","SG",25,81,3255,31.1,0.614,0.055,0.442,5.5,17.3,11.6,34.7,3.6,1.2,11.9,32.1,14.6,5.2,19.8,0.292,9.8,2.7,12.6,12,81,11.9,22.2,0.538,0.3,1.2,0.276,11.6,21,0.553,0.546,8.3,9.8,0.85,1.8,6.2,8,8,2.9,0.8,3.6,3,32.5,0,0,0,0,0
164,"Tim Kempton","PF",25,79,1341,10.4,0.568,0.003,0.618,7.1,18.5,12.5,10.3,1.5,0.6,22.1,16.7,0.2,0.9,1,0.036,-2.7,0.4,-2.3,-0.1,0,2.2,4.2,0.51,0,0,0,2.2,4.2,0.512,0.51,1.8,2.6,0.686,1.2,2.7,3.8,1.3,0.5,0.2,1.5,2.7,6.1,0,0,0,0,0
166,"Jerome Kersey","SF",26,76,2716,16.6,0.511,0.018,0.327,9.5,15.8,12.6,12.2,2.3,1.8,11.4,20.8,3.5,3.3,6.8,0.121,0.8,1.6,2.4,3,76,7,15,0.469,0.1,0.3,0.286,6.9,14.7,0.472,0.471,3.4,4.9,0.694,3.2,5,8.3,3.2,1.8,1.1,2.2,3.6,17.5,0,0,0,0,0
169,"Bernard King","SF",32,81,2559,17.7,0.535,0.022,0.322,5.4,11.2,8.2,18.2,1.2,0.3,12.7,28.1,3.3,1.7,4.9,0.092,1.7,-1.5,0.2,1.4,81,8.1,16.9,0.477,0.1,0.4,0.167,8,16.6,0.484,0.479,4.5,5.4,0.819,1.6,3.1,4.7,3.6,0.8,0.2,2.8,2.7,20.7,0,0,0,0,0
170,"Greg Kite","C",27,70,942,6.3,0.444,0,0.272,9.2,18.7,13.9,4.7,1.3,3.2,25.5,9.6,-0.8,0.9,0.1,0.005,-5.6,1.8,-3.8,-0.4,24,0.9,2.2,0.43,0,0,NA,0.9,2.2,0.43,0.43,0.3,0.6,0.488,1.2,2.3,3.5,0.5,0.4,0.8,0.8,2.3,2.1,0,0,0,0,0
171,"Joe Kleine","C",27,75,1411,10,0.485,0.005,0.352,9.7,19.9,14.7,6.4,1.1,0.9,17.3,17.6,-0.2,1.3,1,0.035,-3.9,-0.6,-4.5,-0.9,13,2.3,5.8,0.405,0,0,0,2.3,5.7,0.407,0.405,1.8,2,0.882,1.7,3.4,5,0.9,0.4,0.3,1.4,2.6,6.5,0,0,0,0,0
173,"Jon Koncak","C",25,74,1531,12,0.54,0.011,0.424,10.3,22.1,16.1,4.8,1.7,3.8,15.8,10.1,1.3,2.5,3.7,0.117,-1.4,3.1,1.8,1.5,22,1.9,3.6,0.524,0,0,0,1.9,3.6,0.53,0.524,0.9,1.5,0.553,2,4.1,6.1,0.8,0.7,1.3,0.8,3.2,4.7,0,0,0,0,0
174,"Larry Krystkowiak","PF",24,80,2472,14.2,0.552,0.016,0.458,9.1,19.6,14.3,6.1,1.8,0.2,13.8,17.9,3.1,3.2,6.3,0.122,-0.4,0.4,0,1.3,77,4.5,9.6,0.473,0.1,0.2,0.333,4.5,9.4,0.475,0.475,3.6,4.4,0.823,2.5,5.2,7.6,1.3,1.2,0.1,1.8,2.7,12.7,0,0,0,0,0
175,"Bill Laimbeer","C",31,81,2640,16.6,0.557,0.096,0.236,6.2,26.1,16.6,9.8,1,2.3,11.5,18.2,4,5,9,0.164,0.2,2.8,3,3.4,81,5.5,11.1,0.499,0.4,1.1,0.349,5.2,10,0.515,0.516,2.2,2.6,0.84,1.7,7.9,9.6,2.2,0.6,1.2,1.6,3.2,13.7,0,0,0,0,0
178,"Andrew Lang","C",22,62,526,11.6,0.554,0,0.513,11.4,18,14.9,2,1.5,5,16.3,12.9,0.4,0.9,1.4,0.124,-2.4,2.2,-0.3,0.2,25,1,1.9,0.513,0,0,NA,1,1.9,0.513,0.513,0.6,1,0.65,0.9,1.5,2.4,0.1,0.3,0.8,0.5,1.8,2.6,0,0,0,0,0
180,"Eric Leckner","C",22,75,779,9.7,0.591,0,0.514,7.4,20,14.2,3.1,0.5,1.7,20.4,18.4,0.1,1.4,1.5,0.093,-4.2,-0.5,-4.7,-0.5,0,1.6,2.9,0.545,0,0,NA,1.6,2.9,0.545,0.545,1.1,1.5,0.699,0.6,2,2.7,0.2,0.1,0.3,0.9,2.3,4.3,0,0,0,0,0
181,"Keith Lee","PF",26,57,840,10.8,0.468,0.008,0.275,9.4,25.4,17.1,7,1.1,2.3,15.5,16.7,-0.2,1,0.8,0.045,-4.4,0.7,-3.7,-0.4,4,1.9,4.5,0.422,0,0,0,1.9,4.5,0.426,0.422,0.9,1.2,0.746,1.3,3.3,4.5,0.7,0.4,0.6,0.9,2.4,4.8,0,0,0,0,0
182,"Jim Les","PG",25,82,781,7.9,0.418,0.105,0.549,3.5,8.4,6.2,36.5,1.7,0.4,34.8,13.7,-0.8,1.1,0.3,0.018,-5.1,-0.7,-5.8,-0.8,0,0.5,1.6,0.301,0,0.2,0.071,0.5,1.5,0.328,0.305,0.7,0.9,0.781,0.3,0.8,1.1,2.6,0.3,0.1,1.1,1.1,1.7,0,0,0,0,0
183,"Fat Lever","SG",28,71,2745,20.6,0.513,0.054,0.282,6.7,18.9,12.4,26.9,3.2,0.4,10.3,21.3,5.1,4.2,9.2,0.161,3.2,2.5,5.7,5.3,71,7.9,17.2,0.457,0.3,0.9,0.348,7.5,16.3,0.463,0.466,3.8,4.8,0.785,2.6,6.7,9.3,7.9,2.7,0.3,2.2,2.5,19.8,0,0,0,0,0
184,"Cliff Levingston","PF",28,80,2184,13.4,0.563,0.009,0.336,9.5,15.4,12.4,4.7,2.2,1.9,13.9,14.1,2.7,2.8,5.5,0.121,0.2,1.8,2,2.2,52,3.8,7.1,0.528,0,0.1,0.2,3.7,7,0.531,0.529,1.7,2.4,0.696,2.4,3.8,6.2,0.9,1.2,0.9,1.3,3.4,9.2,0,0,0,0,0
186,"Reggie Lewis","SF",23,81,2657,17.6,0.534,0.018,0.291,5.1,11.1,8.1,12.4,2.3,1.6,9.2,24.1,4.4,2.4,6.9,0.124,1.3,0,1.3,2.2,57,7.5,15.3,0.486,0,0.3,0.136,7.4,15.1,0.493,0.488,3.5,4.5,0.787,1.4,3.2,4.7,2.7,1.5,0.9,1.8,3.2,18.5,0,0,0,0,0
187,"Alton Lister","C",30,82,1806,13.7,0.529,0,0.328,12.4,21.6,16.9,4,0.7,6,15.8,16.3,1.3,2.3,3.7,0.097,-2.1,1.6,-0.6,0.7,82,3.3,6.6,0.499,0,0,NA,3.3,6.6,0.499,0.499,1.4,2.2,0.646,2.5,4.1,6.6,0.7,0.3,2.2,1.4,3.8,8,0,0,0,0,0
189,"Brad Lohaus","PF",24,77,1214,11.6,0.472,0.023,0.212,7.7,15.8,11.8,7.7,1.2,2.7,12.7,20.7,-0.3,1.1,0.9,0.034,-3.5,-0.5,-4,-0.6,25,2.7,6.3,0.432,0,0.1,0.091,2.7,6.2,0.44,0.433,1.1,1.3,0.786,1.1,2.2,3.3,0.9,0.4,0.7,1,2.1,6.5,0,0,0,0,0
190,"Grant Long","PF",22,82,2435,13.7,0.561,0.007,0.587,10.7,14.7,12.6,9.1,2.4,1.2,18.8,17.9,2,2.7,4.6,0.091,-0.4,1.3,0.9,1.8,73,4.1,8.4,0.486,0,0.1,0,4.1,8.4,0.489,0.486,3.7,5,0.749,2.9,3.7,6.7,1.8,1.5,0.6,2.5,4.1,11.9,0,0,0,0,0
191,"John Long","SG",32,68,919,9.5,0.474,0.056,0.212,2.3,6.8,4.7,12.5,1.5,0.2,12.7,20.5,-0.2,0.4,0.2,0.011,-3.3,-2.1,-5.5,-0.8,1,2.2,5.3,0.409,0.1,0.3,0.4,2,5,0.41,0.421,1,1.1,0.921,0.3,0.9,1.1,1.2,0.4,0,0.8,1.2,5.5,0,0,0,0,0
193,"John Lucas","PG",35,74,842,16.6,0.466,0.227,0.258,2.8,7.8,5.2,40.7,3.4,0.1,16.5,18.9,1.1,0.8,1.9,0.109,0.5,-2.3,-1.7,0.1,8,1.6,4,0.398,0.2,0.9,0.265,1.4,3.1,0.437,0.428,0.7,1,0.701,0.3,0.8,1.1,3.5,0.8,0,0.9,0.7,4.2,0,0,0,0,0
194,"Rick Mahorn","PF",30,72,1795,12.1,0.566,0.005,0.394,9.3,21.3,15.6,4.4,1.1,2.3,17.4,13.3,1.5,3.1,4.6,0.123,-1.6,2.5,0.9,1.3,61,2.8,5.5,0.517,0,0,0,2.8,5.4,0.519,0.517,1.6,2.2,0.748,2,4.9,6.9,0.8,0.6,0.9,1.3,2.9,7.3,0,0,0,0,0
196,"Jeff Malone","SG",27,76,2418,16.7,0.529,0.013,0.241,2.4,5.8,4,14.9,0.8,0.3,9.6,28.6,3.2,0.9,4.1,0.081,0.8,-3.4,-2.6,-0.3,75,8.9,18.6,0.48,0,0.3,0.053,8.9,18.3,0.486,0.48,3.9,4.5,0.871,0.7,1.6,2.4,2.9,0.5,0.2,2.2,2,21.7,0,0,0,0,0
197,"Karl Malone","PF",25,80,3126,24.4,0.592,0.01,0.589,10,19.6,15.1,12.8,2.3,1.3,12.7,30.4,8.6,6.6,15.2,0.233,4.2,1.9,6.1,6.5,80,10.1,19.5,0.519,0.1,0.2,0.313,10.1,19.3,0.521,0.521,8.8,11.5,0.766,3.2,7.4,10.7,2.7,1.8,0.9,3.6,3.6,29.1,0,0,0,0,0
198,"Moses Malone","C",33,81,2878,21.2,0.581,0.011,0.649,14.4,21.9,18.1,5.8,1.3,2.1,14.8,23.4,6.8,3.9,10.7,0.178,2,0,2.1,3,80,6.6,13.5,0.491,0,0.1,0,6.6,13.4,0.496,0.491,6.9,8.8,0.789,4.8,7,11.8,1.4,1,1.2,3,1.9,20.2,0,0,0,0,0
201,"Vernon Maxwell","SG",23,79,2065,12.1,0.496,0.156,0.294,2.5,8.5,5.4,20.7,1.9,0.2,16,20.9,0.1,1.4,1.5,0.035,-1.6,-1.7,-3.3,-0.7,36,4.5,10.5,0.432,0.4,1.6,0.248,4.1,8.8,0.466,0.451,2.3,3.1,0.745,0.6,1.9,2.6,3.8,1.1,0.1,2.3,1.7,11.7,0,0,0,0,0
202,"Tim McCormick","C",26,81,1257,9.3,0.521,0.011,0.368,7.6,14.9,11.2,5.9,0.7,1.1,14.3,15.2,0.6,1.4,2,0.075,-2.9,-0.4,-3.3,-0.4,0,2.1,4.3,0.481,0,0,0,2.1,4.3,0.487,0.481,1.1,1.6,0.674,1.1,2.1,3.2,0.7,0.2,0.3,0.8,2.4,5.2,0,0,0,0,0
203,"Rodney McCray","SF",27,68,2435,13.1,0.513,0.03,0.321,6.2,16.6,11.3,16.9,1.1,0.9,16.8,16.8,1.1,1.8,2.9,0.057,-1.2,1.1,0,1.2,65,5,10.7,0.466,0.1,0.3,0.227,4.9,10.4,0.474,0.47,2.5,3.4,0.722,2.1,5.5,7.6,4.3,0.8,0.5,2.5,1.8,12.6,0,0,0,0,0
204,"Xavier McDaniel","SF",25,82,2385,18.6,0.533,0.026,0.308,8,12.4,10.2,9.1,1.7,1,11.8,29.8,3.5,1.8,5.3,0.107,0.7,-2.2,-1.5,0.3,10,8.3,16.9,0.489,0.1,0.4,0.306,8.1,16.5,0.494,0.493,3.8,5.2,0.732,2.2,3.1,5.3,1.6,1,0.5,2.6,2.8,20.5,0,0,0,0,0
206,"Mike McGee","SG",29,80,2027,13.2,0.529,0.278,0.157,3.9,6.6,5.2,9.1,1.9,0.4,11.2,22.3,1.2,1.1,2.3,0.055,0.6,-1.7,-1.2,0.4,49,5.4,11.5,0.473,1.2,3.2,0.365,4.3,8.3,0.515,0.524,1,1.8,0.535,0.9,1.5,2.4,1.5,1,0.2,1.6,2.3,13,0,0,0,0,0
207,"Kevin McHale","PF",31,78,2876,20.3,0.608,0.003,0.44,9,16.3,12.7,9.1,0.4,2,11.9,23.7,8.1,1.9,10.1,0.168,3.1,-0.9,2.1,3,74,8.5,15.5,0.546,0,0.1,0,8.5,15.5,0.548,0.546,5.6,6.8,0.818,2.9,5.3,8.2,2.2,0.3,1.2,2.5,2.9,22.5,0,0,0,0,0
208,"Derrick McKey","SF",22,82,2804,15.5,0.575,0.092,0.387,6.5,12.2,9.3,10.7,1.8,1.5,14.2,18.8,5,2.3,7.4,0.126,1.6,0.6,2.2,3,82,5.9,11.8,0.502,0.4,1.1,0.337,5.6,10.7,0.519,0.518,3.7,4.6,0.803,2,3.6,5.7,2.7,1.3,0.9,2.3,3.2,15.9,0,0,0,0,0
209,"Nate McMillan","PG",24,75,2341,14.5,0.468,0.144,0.39,6.6,12.1,9.3,36.4,3.2,1.1,27.1,13.3,1.7,2.7,4.4,0.09,0.4,1.7,2.1,2.4,74,2.7,6.5,0.41,0.2,0.9,0.214,2.5,5.5,0.443,0.426,1.6,2.5,0.63,1.9,3.3,5.2,9.3,2.1,0.6,2.8,3.1,7.1,0,0,0,0,0
211,"Reggie Miller","SG",23,74,2536,15.7,0.602,0.294,0.409,3.4,9.1,6.4,12.9,1.8,0.7,12.7,18.5,5.2,1.3,6.5,0.124,2.7,-0.4,2.3,2.8,70,5.4,11.2,0.479,1.3,3.3,0.402,4.1,7.9,0.511,0.538,3.9,4.6,0.844,1,3,3.9,3.1,1.3,0.4,1.9,2.3,16,0,0,0,0,0
213,"Paul Mokeski","C",32,74,690,8.2,0.443,0.159,0.311,10.4,21.1,15.7,6.7,2,1.9,15.8,13.3,-0.1,1.1,1,0.072,-3.2,1.5,-1.7,0.1,0,0.8,2.2,0.36,0.1,0.4,0.269,0.7,1.9,0.377,0.381,0.5,0.7,0.784,0.9,1.7,2.5,0.5,0.4,0.3,0.5,2.1,2.2,0,0,0,0,0
214,"Sidney Moncrief","PG",31,62,1594,16.4,0.591,0.137,0.445,3.3,9.3,6.2,16.9,2,0.5,12.9,19,3.5,1.6,5,0.151,1.8,-0.3,1.5,1.4,50,4.2,8.6,0.491,0.4,1.2,0.342,3.8,7.4,0.514,0.514,3.3,3.8,0.865,0.7,2,2.8,3,1,0.2,1.5,1.8,12.1,0,0,0,0,0
215,"Chris Morris","SF",23,76,2096,15,0.528,0.193,0.281,9.7,11.5,10.5,8.8,2.3,1.7,15.7,23.6,0.8,2,2.8,0.064,0.5,0.2,0.7,1.4,48,5.4,11.9,0.457,0.8,2.3,0.366,4.6,9.6,0.479,0.493,2.4,3.3,0.717,2.5,2.8,5.2,1.6,1.3,0.8,2.5,3.3,14.1,0,0,0,0,0
217,"Chris Mullin","SF",25,82,3093,21.9,0.581,0.061,0.339,4.9,10.7,7.8,20.1,2.5,0.7,13.6,26.6,7.5,3.1,10.6,0.165,4,-0.2,3.7,4.4,82,10.1,19.9,0.509,0.3,1.2,0.23,9.8,18.7,0.527,0.516,6,6.7,0.892,1.9,4,5.9,5.1,2.1,0.5,3.6,2.2,26.5,0,0,0,0,0
219,"Larry Nance","PF",29,73,2526,19.9,0.59,0.004,0.363,7.4,18,13,9.2,1.1,4.7,9.9,19.9,5.7,4.7,10.3,0.197,1.1,2.9,4,3.8,72,6.8,12.6,0.539,0,0.1,0,6.8,12.5,0.541,0.539,3.7,4.6,0.799,2.1,5.8,8,2.2,0.8,2.8,1.6,2.5,17.2,0,0,0,0,0
224,"Johnny Newman","SF",25,81,2336,15.3,0.582,0.3,0.367,4.3,5.5,4.9,9.4,2.2,0.6,12.1,21,4.9,1.8,6.7,0.138,2.3,-1.2,1.1,1.8,80,5.6,11.8,0.475,1.2,3.5,0.338,4.4,8.3,0.534,0.526,3.5,4.3,0.815,1.1,1.4,2.5,2,1.4,0.3,1.9,3.2,16,0,0,0,0,0
226,"Ken Norman","SF",24,80,3020,15.4,0.522,0.017,0.212,8.7,14.9,11.8,13.6,1.6,1.2,12.9,20.8,1.9,2.1,4,0.064,0.4,0.3,0.7,2,79,8,15.9,0.502,0.1,0.3,0.19,7.9,15.6,0.507,0.504,2.1,3.4,0.63,3.1,5.3,8.3,3.5,1.3,0.8,2.6,2.8,18.1,0,0,0,0,0
227,"Charles Oakley","PF",25,82,2604,14.8,0.56,0.057,0.305,14.3,22.7,18.4,9.3,1.8,0.3,20.7,17.8,2.5,3.3,5.7,0.106,0.4,1.1,1.5,2.3,82,5.2,10.2,0.51,0.1,0.6,0.25,5,9.6,0.526,0.517,2.4,3.1,0.773,4.2,6.3,10.5,2.3,1.3,0.2,3,3.3,12.9,0,0,0,0,0
228,"Hakeem Olajuwon","C",26,82,3024,25.2,0.552,0.006,0.419,12.2,27.2,19.8,8.2,3.3,5.5,13,28.2,4.6,7.8,12.4,0.197,1.3,4.1,5.4,5.6,82,9.6,19,0.508,0,0.1,0,9.6,18.9,0.511,0.508,5.5,8,0.696,4.1,9.4,13.5,1.8,2.6,3.4,3.4,4,24.8,0,0,0,0,0
230,"Robert Parish","C",35,80,2840,21.6,0.607,0,0.391,14,26.1,20.1,9.1,1.4,2.4,14,20.9,6.9,3.6,10.5,0.177,3,1.2,4.2,4.5,80,7.5,13.1,0.57,0,0,NA,7.5,13.1,0.57,0.57,3.7,5.1,0.719,4.3,8.2,12.5,2.2,1,1.5,2.5,2.6,18.6,0,0,0,0,0
231,"Jim Paxson","PG",31,57,1138,11.5,0.502,0.054,0.231,1.8,5.6,3.7,13.2,1.6,0.4,10.4,20,0.7,0.5,1.3,0.053,-1.6,-2.4,-4,-0.6,7,3.5,7.8,0.454,0.1,0.4,0.167,3.5,7.4,0.47,0.458,1.5,1.8,0.816,0.3,1,1.3,1.9,0.7,0.1,1,1.7,8.6,0,0,0,0,0
232,"John Paxson","PG",28,78,1738,12,0.536,0.259,0.07,0.9,5.2,3.1,24.3,1.5,0.2,11.8,14.8,2.3,1,3.3,0.091,-0.6,-2.9,-3.4,-0.6,20,3.2,6.6,0.48,0.6,1.7,0.331,2.6,4.9,0.532,0.522,0.4,0.5,0.861,0.2,1,1.2,3.9,0.7,0.1,0.9,2.1,7.3,0,0,0,0,0
234,"Sam Perkins","PF",27,78,2860,15.3,0.53,0.04,0.343,9.2,17.3,13.3,6.7,1.3,1.9,11.3,18.8,3.3,3.1,6.4,0.108,-0.2,0.8,0.5,1.8,77,5.7,12.3,0.464,0.1,0.5,0.184,5.6,11.8,0.476,0.468,3.5,4.2,0.833,3,5.8,8.8,1.6,1,1.2,1.8,2.9,15,0,0,0,0,0
235,"Tim Perry","C",23,62,614,14.4,0.56,0.02,0.323,11,11.8,11.4,3.8,1.4,2.9,13.9,17.2,0.6,0.8,1.4,0.109,-1,0.4,-0.6,0.2,15,1.7,3.2,0.537,0,0.1,0.25,1.7,3.2,0.543,0.54,0.6,1,0.615,1,1.1,2.1,0.3,0.3,0.5,0.6,0.8,4.1,0,0,0,0,0
236,"Chuck Person","SF",24,80,3012,15.2,0.544,0.141,0.211,5.6,13,9.5,15.6,1.3,0.3,16.2,26.3,1.4,1.7,3,0.048,0.9,-1,-0.1,1.5,79,8.9,18.2,0.489,0.8,2.6,0.307,8.1,15.6,0.519,0.511,3,3.8,0.792,1.8,4.7,6.5,3.6,1,0.2,3.9,3.5,21.6,0,0,0,0,0
237,"Jim Petersen","C",26,66,1633,11.4,0.498,0.013,0.254,7.8,19.5,13.6,7.3,1.4,2.4,17.9,20.6,-1.1,1.8,0.6,0.019,-4,0.6,-3.4,-0.6,40,4.2,9.2,0.459,0,0.1,0,4.2,9.1,0.465,0.459,1.7,2.3,0.747,1.8,4.4,6.3,1.2,0.7,1,2.2,3.6,10.2,0,0,0,0,0
238,"Ricky Pierce","SG",29,75,2078,18.6,0.573,0.035,0.292,4.5,6.5,5.5,12.4,1.8,0.6,8.9,25.2,5,1.7,6.7,0.155,2.5,-1.6,0.8,1.5,4,7,13.6,0.518,0.1,0.5,0.222,6.9,13.1,0.529,0.522,3.4,4,0.859,1.1,1.5,2.6,2.1,1,0.3,1.5,2.6,17.6,0,0,0,0,0
239,"Ed Pinckney","PF",25,80,2012,17.2,0.591,0.01,0.563,9,15.5,12.3,8.3,2,1.9,13.3,18.3,4,2.1,6.1,0.145,0.6,0.8,1.5,1.8,33,4,7.8,0.513,0,0.1,0,4,7.7,0.518,0.513,3.5,4.4,0.8,2.1,3.5,5.6,1.5,1,0.8,1.5,2.5,11.5,0,0,0,0,0
240,"Scottie Pippen","SF",23,73,2413,14.9,0.524,0.089,0.347,6.8,14.3,10.7,15.1,2.9,1.5,16.6,21.3,0.7,3.3,4,0.08,-0.4,1.9,1.4,2.1,56,5.7,11.9,0.476,0.3,1.1,0.273,5.4,10.8,0.496,0.488,2.8,4.1,0.668,1.9,4.2,6.1,3.5,1.9,0.8,2.7,3.6,14.4,0,0,0,0,0
241,"Olden Polynice","C",24,80,835,10.3,0.535,0.011,0.478,12.7,14.9,13.8,3.2,2.1,2.2,17.4,12.6,0.6,0.9,1.5,0.086,-1.7,0.4,-1.2,0.2,0,1.1,2.3,0.506,0,0,0,1.1,2.2,0.511,0.506,0.6,1.1,0.593,1.2,1.4,2.6,0.3,0.5,0.4,0.6,2.1,2.9,0,0,0,0,0
243,"Terry Porter","PG",25,81,3102,17.7,0.555,0.191,0.283,2.9,10.2,6.4,32.8,2.2,0.2,16.1,19.1,6.5,2.6,9.2,0.142,2.8,-0.6,2.2,3.3,81,6.7,14.1,0.471,1,2.7,0.361,5.7,11.4,0.497,0.506,3.4,4,0.84,1,3.5,4.5,9.5,1.8,0.1,3.1,2.3,17.7,0,0,0,0,0
244,"Paul Pressey","SG",30,67,2170,15,0.539,0.085,0.372,3.8,10.2,7,28.1,2.7,1.3,19.6,17.9,2.1,2.7,4.8,0.105,0.7,1.4,2.2,2.3,62,4.6,9.7,0.474,0.2,0.8,0.218,4.4,8.9,0.497,0.483,2.8,3.6,0.776,1.1,2.8,3.9,6.6,1.8,0.7,2.7,3.3,12.1,0,0,0,0,0
246,"Harold Pressley","PF",25,80,2257,15.7,0.529,0.338,0.141,10.1,13,11.5,11.3,2,1.9,11.8,19.1,2.7,2.1,4.8,0.102,1.9,0.8,2.7,2.7,36,4.8,10.9,0.439,1.5,3.7,0.403,3.3,7.2,0.457,0.507,1.2,1.5,0.78,2.7,3.4,6.1,2.2,1.2,1,1.6,2.7,12.3,0,0,0,0,0
247,"Mark Price","PG",24,75,2728,20.6,0.623,0.21,0.29,2.1,7,4.7,33.8,2.1,0.1,15.7,21,8,3.3,11.3,0.199,4.6,-1.1,3.5,3.8,74,7.1,13.4,0.526,1.2,2.8,0.441,5.8,10.6,0.548,0.572,3.5,3.9,0.901,0.6,2.4,3,8.4,1.5,0.1,2.8,1.3,18.9,0,0,0,0,0
248,"Kurt Rambis","PF",30,75,2233,16.1,0.565,0.005,0.396,12.7,22.7,17.4,9.9,2.1,1.5,16.7,16.2,2.6,2.3,4.8,0.104,0.4,2.4,2.8,2.7,75,4.3,8.4,0.518,0,0,0,4.3,8.3,0.521,0.518,2.4,3.3,0.734,3.6,5.8,9.4,2.1,1.3,0.8,2,2.8,11.1,0,0,0,0,0
249,"Blair Rasmussen","C",26,77,1308,11.6,0.476,0,0.14,7.8,15.2,11.3,4.9,1,1.8,7.4,19.4,0.4,1.3,1.8,0.065,-3.2,-1.5,-4.7,-0.9,22,3.3,7.5,0.445,0,0,NA,3.3,7.5,0.445,0.445,0.9,1.1,0.852,1.4,2.4,3.7,0.6,0.4,0.5,0.6,2.5,7.6,0,0,0,0,0
250,"Robert Reid","SF",33,82,2152,12.2,0.464,0.043,0.161,4,11.9,7.8,11.4,1.2,0.5,7.5,26.8,-0.8,0.7,-0.1,-0.002,-2,-2.2,-4.2,-1.2,54,6.3,14.8,0.428,0.2,0.6,0.327,6.1,14.2,0.432,0.435,1.9,2.4,0.776,1,2.7,3.7,1.9,0.6,0.2,1.3,2.9,14.7,0,0,0,0,0
251,"Jerry Reynolds","SG",26,56,737,17.6,0.497,0.042,0.468,7.2,8,7.6,12,3.4,2.1,11.7,26.4,0.8,0.8,1.6,0.107,-0.4,-0.4,-0.8,0.2,0,2.7,6.4,0.417,0.1,0.3,0.2,2.6,6.1,0.427,0.422,2.3,3,0.76,0.9,0.9,1.8,1.1,0.9,0.5,1,1,7.6,0,0,0,0,0
252,"Mitch Richmond","SG",23,79,2717,17.2,0.541,0.065,0.365,5.8,11.4,8.6,17.6,1.4,0.3,14.3,26.2,3.6,1.9,5.6,0.098,1.3,-1.5,-0.2,1.3,79,8.2,17.5,0.468,0.4,1.1,0.367,7.8,16.4,0.475,0.48,5.2,6.4,0.81,2,3.9,5.9,4.2,1,0.2,3.4,2.8,22,0,1,0,0,0
255,"Doc Rivers","PG",27,76,2462,18.4,0.548,0.152,0.352,3.9,8.9,6.3,30,3.6,1,14.4,18.2,5.4,3.2,8.5,0.167,3.5,1.4,4.9,4.3,76,4.9,10.7,0.455,0.6,1.6,0.347,4.3,9.1,0.474,0.481,3.3,3.8,0.861,1.2,2.6,3.8,6.9,2.4,0.5,2.1,3.5,13.6,0,0,0,0,0
256,"Fred Roberts","PF",28,71,1251,10.6,0.555,0.044,0.404,6.2,13.2,9.7,7.2,1.4,1.1,17.6,15.1,0.7,1.3,2,0.077,-2.1,0.4,-1.7,0.1,3,2.2,4.5,0.486,0,0.2,0.214,2.1,4.3,0.498,0.491,1.5,1.8,0.806,1,2,2.9,0.9,0.5,0.3,1.1,1.8,5.9,0,0,0,0,0
257,"Alvin Robertson","SG",26,65,2287,17.2,0.523,0.047,0.263,7.2,11.4,9.2,25.5,4,0.9,17.7,22.2,1.3,3.1,4.4,0.093,1.7,2.1,3.8,3.3,65,7.2,14.8,0.483,0.1,0.7,0.2,7,14.1,0.497,0.488,2.8,3.9,0.723,2.4,3.5,5.9,6,3,0.6,3.6,4,17.3,0,0,0,0,0
259,"Dennis Rodman","SF",27,82,2208,16.3,0.613,0.049,0.292,17.6,21.7,19.8,6.3,1.3,2.1,17.4,14.1,4.1,3.9,8.1,0.175,2.1,2.6,4.7,3.8,8,3.9,6.5,0.595,0.1,0.3,0.231,3.8,6.2,0.614,0.601,1.2,1.9,0.626,4,5.4,9.4,1.2,0.7,0.9,1.5,3.6,9,0,0,0,0,0
260,"Tree Rollins","C",33,60,583,8.8,0.465,0.007,0.138,7.8,18.6,13.4,4.2,0.9,3.8,13.1,12.3,-0.1,1,1,0.08,-4.7,1.8,-3,-0.1,2,1,2.3,0.449,0,0,0,1,2.3,0.453,0.449,0.2,0.3,0.632,0.6,1.7,2.3,0.3,0.2,0.6,0.4,1.5,2.3,0,0,0,0,0
262,"Scott Roth","SF",25,63,536,7.7,0.441,0.096,0.521,3.9,9.3,6.6,13.5,2.1,0.6,16.3,18,-0.4,0.5,0.1,0.005,-4.7,-1.1,-5.7,-0.5,3,0.9,2.7,0.353,0,0.3,0.188,0.9,2.4,0.371,0.362,1,1.4,0.69,0.3,0.7,1,0.9,0.4,0.1,0.6,1.1,2.9,0,0,0,0,0
265,"John Salley","PF",24,67,1458,12.4,0.558,0.006,0.586,10.9,14.9,13,6.9,1.4,3,19.3,15.2,1.1,2.3,3.5,0.115,-0.9,2.9,2,1.5,21,2.5,5,0.498,0,0,0,2.5,4.9,0.502,0.498,2,2.9,0.692,2,3,5,1.1,0.6,1.1,1.5,2.9,7,0,0,0,0,0
266,"Ralph Sampson","C",28,61,1086,11.4,0.483,0.022,0.26,9.7,18.5,14.1,9,1.3,3.3,18.1,17.3,-0.3,1.4,1.1,0.048,-3.4,1.1,-2.4,-0.1,36,2.7,6,0.449,0,0.1,0.375,2.6,5.9,0.451,0.453,1,1.6,0.653,1.7,3.3,5,1.3,0.5,1.1,1.5,2.8,6.4,0,0,0,0,0
267,"Mike Sanders","SF",28,82,2102,10.5,0.482,0.014,0.184,5.6,10.6,8.2,8.8,2.1,0.9,11.6,18.1,0,3.1,3.1,0.071,-2.5,1,-1.5,0.3,82,4,8.9,0.453,0,0.1,0.3,4,8.8,0.455,0.455,1.2,1.6,0.719,1.2,2.5,3.7,1.6,1.1,0.4,1.3,2.8,9.3,0,0,0,0,0
268,"Danny Schayes","C",29,76,1918,15.4,0.618,0.015,0.662,7.2,20.3,13.4,6.9,1,2.4,17,18.8,3.2,2.4,5.6,0.141,-0.9,0.3,-0.6,0.7,64,4.2,8,0.522,0,0.1,0.333,4.1,7.9,0.525,0.525,4.4,5.3,0.826,1.9,4.7,6.6,1.4,0.6,1.1,2.1,4.2,12.8,0,0,0,0,0
269,"Russ Schoene","PF",28,69,774,12.1,0.479,0.315,0.163,8.1,16,11.9,6.4,2.3,1.9,11.4,21.7,0.4,0.9,1.3,0.078,-1.1,-1.1,-2.3,-0.1,1,2,5.1,0.387,0.6,1.6,0.382,1.3,3.5,0.389,0.447,0.7,0.8,0.807,0.8,1.6,2.4,0.5,0.5,0.3,0.7,2,5.2,0,0,0,0,0
270,"Detlef Schrempf","PF",26,69,1850,15.3,0.566,0.061,0.606,7.8,15.5,11.8,14,1.4,0.6,15.4,19.9,2.9,1.5,4.4,0.113,0.6,-0.1,0.6,1.2,13,4,8.4,0.474,0.1,0.5,0.2,3.9,7.9,0.492,0.48,4,5.1,0.78,1.8,3.9,5.7,2.6,0.8,0.3,1.9,3.2,12,0,0,0,0,0
271,"Byron Scott","SG",27,74,2605,16.6,0.558,0.161,0.189,3.3,9.2,6.5,13.1,2.1,0.6,10.8,23.1,4.1,2.6,6.8,0.125,1.8,-0.5,1.3,2.2,73,7.9,16.2,0.491,1,2.6,0.399,6.9,13.6,0.508,0.523,2.6,3.1,0.863,1,3.1,4.1,3.1,1.5,0.4,2.1,2.4,19.6,0,0,0,0,0
272,"Rony Seikaly","C",23,78,1962,10.8,0.471,0.005,0.476,11.2,20.5,15.7,4.4,1.1,3,18.2,22.8,-2.7,2.2,-0.5,-0.012,-5.2,-0.6,-5.7,-1.8,62,4.3,9.5,0.448,0,0.1,0.25,4.3,9.5,0.449,0.448,2.3,4.5,0.511,2.6,4.4,7,0.7,0.6,1.2,2.6,3.3,10.9,0,0,0,0,0
273,"Brad Sellers","PF",26,80,1732,10.6,0.529,0.013,0.212,5.9,9.2,7.6,7.7,1,2.4,12.2,14.7,1.3,1.4,2.6,0.073,-2.3,0.2,-2.1,0,25,2.9,6,0.485,0,0.1,0.5,2.9,5.9,0.485,0.488,1.1,1.3,0.851,1.1,1.8,2.8,1.2,0.4,0.9,0.9,2.2,6.9,0,0,0,0,0
274,"Charles Shackleford","C",22,60,484,13.9,0.501,0.006,0.25,11.1,24.4,17.6,6.5,1.5,2.2,12.6,18.1,0.2,0.6,0.8,0.076,-3,0.1,-3,-0.1,0,1.4,2.8,0.494,0,0,0,1.4,2.8,0.497,0.494,0.4,0.7,0.5,0.8,1.7,2.6,0.4,0.3,0.3,0.5,1.2,3.1,0,0,0,0,0
275,"John Shasky","C",24,65,944,12.7,0.555,0.008,0.673,11,16.8,13.8,3.4,0.7,0.8,12.5,15.8,1.2,0.7,1.9,0.097,-2.4,-2.1,-4.5,-0.6,4,1.9,3.8,0.488,0,0,0,1.9,3.8,0.492,0.488,1.8,2.6,0.689,1.5,2.1,3.6,0.3,0.2,0.2,0.7,1.4,5.5,0,0,0,0,0
276,"Brian Shaw","SG",22,82,2301,12.2,0.472,0.019,0.192,6,12.7,9.4,27,1.7,0.7,20.2,16.8,0.5,1.7,2.2,0.046,-0.8,0.4,-0.4,0.9,54,3.6,8.4,0.433,0,0.2,0,3.6,8.2,0.441,0.433,1.3,1.6,0.826,1.5,3.1,4.6,5.8,1,0.3,2.3,2.6,8.6,0,0,0,0,0
277,"Purvis Short","SF",31,65,1157,11.4,0.464,0.069,0.185,6.1,10.6,8.4,13.4,1.8,0.7,11.9,20.5,0,1.4,1.4,0.058,-2.1,-0.3,-2.5,-0.1,16,3,7.4,0.413,0.1,0.5,0.273,2.9,6.9,0.423,0.422,1.2,1.4,0.865,1,1.8,2.8,1.6,0.7,0.2,1.1,1.8,7.4,0,0,0,0,0
279,"Jack Sikma","C",33,80,2587,15.8,0.554,0.259,0.352,6.2,21.9,13.9,15.5,1.6,1.5,13.1,17.8,4.5,3.7,8.1,0.151,1.7,2,3.6,3.7,80,4.5,10.4,0.431,1,2.7,0.38,3.5,7.7,0.449,0.48,3.3,3.7,0.905,1.8,6,7.8,3.6,1.1,0.8,1.8,3.8,13.4,0,0,0,0,0
280,"Scott Skiles","PG",24,80,1571,12.5,0.54,0.17,0.326,1.6,8.5,5.3,34.2,2,0.1,25.9,18.2,0.5,0.8,1.3,0.04,-1.5,-2.2,-3.7,-0.7,13,2.5,5.5,0.448,0.3,0.9,0.267,2.2,4.6,0.485,0.471,1.6,1.8,0.903,0.3,1.6,1.9,4.9,0.8,0,2.2,1.9,6.8,0,0,0,0,0
282,"Charles Smith","PF",23,71,2161,15.6,0.55,0.003,0.448,8.6,14.4,11.5,6.9,1.4,2.3,12.2,21.8,2.4,1.6,4,0.089,-0.5,-0.7,-1.2,0.4,56,6.1,12.4,0.495,0,0,0,6.1,12.3,0.497,0.495,4,5.5,0.725,2.4,4.1,6.5,1.5,1,1.3,2.1,3.8,16.3,0,0,0,0,0
283,"Derek Smith","SG",27,65,1295,11.7,0.491,0.063,0.379,5.1,9.1,7.1,14.1,1.6,1,13.2,21.2,0.2,0.7,0.9,0.033,-1.6,-1.2,-2.8,-0.3,38,3.3,7.6,0.435,0.1,0.5,0.226,3.2,7.2,0.449,0.443,2,2.9,0.686,0.9,1.6,2.6,2,0.7,0.4,1.4,2.5,8.7,0,0,0,0,0
284,"Kenny Smith","PG",23,81,3145,14.3,0.523,0.108,0.302,1.6,6.1,3.9,29.2,1.5,0.1,15.7,20.7,2.8,1.3,4.1,0.062,0.3,-2,-1.7,0.2,81,6.8,14.6,0.462,0.6,1.6,0.359,6.2,13,0.475,0.482,3.2,4.4,0.737,0.6,2.2,2.8,7.7,1.3,0.1,3.1,2.1,17.3,0,0,0,0,0
285,"Larry Smith","PF",31,80,1897,11.9,0.54,0,0.146,14.4,19.9,17.2,7.6,1.4,1.6,20.7,10.6,1.4,2.3,3.7,0.094,-1,1.6,0.6,1.2,78,2.7,5,0.552,0,0,NA,2.7,5,0.552,0.552,0.2,0.7,0.31,3.4,4.8,8.2,1.5,0.8,0.7,1.4,3.1,5.7,0,0,0,0,0
286,"Otis Smith","SG",25,80,1597,14.8,0.495,0.052,0.305,8.1,12.6,10.3,11.8,2.5,1.4,13.7,22.3,0.7,1.8,2.5,0.074,-1.3,-0.1,-1.4,0.2,5,3.9,8.9,0.435,0.1,0.5,0.189,3.8,8.5,0.448,0.44,2.2,2.7,0.798,1.6,2.5,4.1,1.8,1.1,0.5,1.6,2.1,10,0,0,0,0,0
287,"Rik Smits","C",22,82,2041,15.6,0.557,0.001,0.342,10.7,16.2,13.6,5.2,0.9,4.3,13.2,20.3,2.4,1.9,4.3,0.101,-0.8,0.4,-0.4,0.8,71,4.7,9.1,0.517,0,0,0,4.7,9.1,0.518,0.517,2.2,3.1,0.722,2.3,3.8,6.1,0.9,0.5,1.8,1.6,3.8,11.7,0,0,0,0,0
289,"Rory Sparrow","PG",30,80,2613,11.7,0.486,0.075,0.109,2.3,7.2,4.6,25.6,1.9,0.4,16.5,19.2,0,1.6,1.6,0.029,-1.6,-1.3,-2.9,-0.6,79,5.6,12.3,0.452,0.2,0.9,0.243,5.3,11.4,0.469,0.461,1.2,1.3,0.879,0.7,2,2.7,5.4,1.3,0.2,2.6,2.1,12.5,0,0,0,0,0
293,"John Stockton","PG",26,82,3171,22.9,0.624,0.072,0.49,3.1,5.4,4.3,54.3,4.1,0.3,21.5,19.1,9.8,5.8,15.6,0.236,5,-0.2,4.8,5.5,82,6.1,11.3,0.538,0.2,0.8,0.242,5.9,10.5,0.561,0.547,4.8,5.5,0.863,1,2,3,13.6,3.2,0.2,3.8,2.9,17.1,0,0,0,0,0
294,"Rod Strickland","PG",22,81,1358,18,0.539,0.104,0.407,4.1,9.1,6.5,31.8,3.3,0.1,18.1,23.3,2.2,1.5,3.7,0.131,1.2,-0.7,0.5,0.9,10,3.3,7,0.467,0.2,0.7,0.322,3,6.3,0.484,0.484,2.1,2.9,0.745,0.6,1.3,2,3.9,1.2,0,1.8,1.8,8.9,0,0,0,0,0
297,"Jon Sundvold","SG",27,68,1338,12.6,0.506,0.136,0.084,1.5,6,3.7,17.6,1,0,11.1,23.9,0.6,0.4,1,0.037,-1.2,-3.9,-5.1,-1.1,8,4.5,9.9,0.455,0.7,1.4,0.522,3.8,8.6,0.444,0.49,0.7,0.8,0.825,0.3,1,1.3,2,0.4,0,1.3,1.1,10.4,0,0,0,0,0
300,"Terry Teagle","SF",28,66,1569,16.7,0.523,0.014,0.262,7,9.7,8.4,9,2.3,0.6,10.8,25.9,1.7,1.4,3.1,0.095,-0.3,-1.9,-2.2,-0.1,41,6.2,13,0.476,0,0.2,0.167,6.2,12.8,0.481,0.477,2.8,3.4,0.809,1.7,2.3,4,1.5,1.2,0.3,1.8,2.6,15.2,0,0,0,0,0
301,"Reggie Theus","SG",31,82,2517,16.1,0.534,0.054,0.314,3.7,6.9,5.2,23.2,2.1,0.4,13.8,22.8,3.9,2,5.9,0.113,1.7,-0.9,0.8,1.8,82,6.1,13,0.466,0.2,0.7,0.293,5.9,12.3,0.476,0.474,3.5,4.1,0.851,1,1.9,3,4.7,1.3,0.2,2.4,2.9,15.8,0,0,0,0,0
302,"Isiah Thomas","PG",27,80,2924,17.1,0.528,0.099,0.286,2,8.3,5.3,34.3,2.3,0.4,17.7,24.6,3.1,3.9,7,0.115,1.7,0.5,2.2,3.1,76,7.1,15.3,0.464,0.4,1.5,0.273,6.7,13.8,0.485,0.477,3.6,4.4,0.818,0.6,2.8,3.4,8.3,1.7,0.3,3.7,2.6,18.2,0,0,0,0,0
304,"Billy Thompson","SF",25,79,2273,13.4,0.524,0.006,0.313,11.5,17,14.1,11.8,1.2,2.8,18.8,17.9,0.6,2.3,2.8,0.06,-1.3,1.6,0.3,1.3,58,4.4,9.1,0.487,0,0.1,0,4.4,9,0.49,0.487,2,2.8,0.696,3.1,4.2,7.2,2.2,0.7,1.3,2.4,3.3,10.8,0,0,0,0,0
305,"LaSalle Thompson","C",27,76,2329,15.6,0.544,0.001,0.331,10.7,22.7,16.8,5.2,1.6,2.3,15.5,20.4,1.5,2.9,4.4,0.09,-1.7,0.5,-1.2,0.4,71,5.5,11.2,0.489,0,0,0,5.5,11.2,0.49,0.489,3,3.7,0.808,2.9,6.5,9.4,1.1,1,1.2,2.4,3.8,13.9,0,0,0,0,0
306,"Mychal Thompson","C",34,80,1994,13.3,0.593,0.002,0.441,9.4,16.2,13.1,3.2,1.4,1.7,13.5,14.9,2.8,2.4,5.2,0.126,-0.5,0.1,-0.3,0.8,8,3.6,6.5,0.559,0,0,0,3.6,6.5,0.56,0.559,2,2.9,0.678,2,3.9,5.8,0.6,0.7,0.7,1.2,2.8,9.2,0,0,0,0,0
308,"Otis Thorpe","PF",26,82,3135,15.4,0.591,0.002,0.468,9.5,17.6,13.6,9.3,1.2,0.7,16.3,17.7,4.6,4.1,8.7,0.133,1,1.2,2.2,3.3,82,6.4,11.7,0.542,0,0,0,6.4,11.7,0.543,0.542,4,5.5,0.729,3.3,6.3,9.6,2.5,1,0.5,2.7,3.2,16.7,0,0,0,0,0
309,"Sedale Threatt","PG",27,63,1220,16.3,0.533,0.063,0.162,2.8,8.1,5.4,27.5,3.3,0.2,13.1,19.2,2.3,1.2,3.4,0.135,1.4,-0.8,0.6,0.8,0,3.7,7.6,0.494,0.2,0.5,0.367,3.6,7.1,0.502,0.505,1,1.2,0.818,0.5,1.4,1.9,3.8,1.3,0.1,1.2,2.5,8.6,0,0,0,0,0
310,"Wayman Tisdale","PF",24,79,2434,17.5,0.568,0.004,0.396,8.6,18.6,13.7,8.3,1.1,1.2,12.4,23.7,3.9,2,5.9,0.117,0.3,-0.9,-0.6,0.8,35,6.7,13.1,0.514,0,0.1,0,6.7,13.1,0.516,0.514,4,5.2,0.773,2.4,5.3,7.7,1.6,0.7,0.7,2.2,3.7,17.5,0,0,0,0,0
314,"Kelly Tripucka","SF",29,71,2302,17.7,0.558,0.069,0.418,3.6,9.5,6.4,15.7,1.8,0.4,14.1,29.8,2.4,0.9,3.3,0.069,1.7,-1.7,0.1,1.2,65,8,17.1,0.467,0.4,1.2,0.357,7.6,15.9,0.476,0.48,6.2,7.2,0.866,1.1,2.6,3.8,3.2,1.2,0.2,3.3,2.8,22.6,0,0,0,0,0
315,"Trent Tucker","SG",29,81,1824,12.1,0.569,0.511,0.095,3.3,7.6,5.4,9.2,2.2,0.2,8.9,14.1,3.2,1.5,4.6,0.122,1.7,-0.6,1.1,1.4,24,3.2,7.1,0.454,1.5,3.7,0.399,1.8,3.5,0.512,0.556,0.5,0.7,0.782,0.7,1.5,2.2,1.6,1.1,0.1,0.7,2,8.5,0,0,0,0,0
317,"Elston Turner","SF",29,78,1746,7.8,0.446,0.02,0.159,6.1,11.1,8.5,9.5,2.3,0.3,13.7,9.6,0.2,1.9,2.1,0.056,-2.6,1.6,-1,0.4,12,1.9,4.5,0.428,0,0.1,0.286,1.9,4.4,0.431,0.431,0.4,0.7,0.589,1.4,2.3,3.7,1.8,1.2,0.1,0.8,2.7,4.3,0,0,0,0,0
318,"Terry Tyler","SF",32,70,1057,12.3,0.498,0.025,0.172,7.8,13.9,10.9,5.7,1.1,2.2,11.6,17.9,0.2,1,1.2,0.055,-2.9,-0.5,-3.4,-0.4,11,2.4,5.1,0.469,0,0.1,0.111,2.4,5,0.479,0.471,0.7,0.9,0.758,1.1,1.9,3,0.6,0.3,0.6,0.7,1.3,5.5,0,0,0,0,0
320,"Darnell Valentine","SG",29,77,1086,11.5,0.497,0.044,0.351,2.4,8,5.3,21.3,2.6,0.4,18.4,17.7,0.1,1.5,1.7,0.074,-2.9,0,-2.8,-0.2,4,1.8,4.1,0.426,0,0.2,0.214,1.7,4,0.436,0.431,1.2,1.5,0.813,0.3,1.1,1.3,2.3,0.7,0.1,1.1,1.1,4.8,0,0,0,0,0
323,"Sam Vincent","PG",25,70,1703,13.6,0.527,0.03,0.228,2.4,10.3,6.4,27.7,1.5,0.4,18.6,19.3,1,1.3,2.3,0.065,-1.6,-1.4,-3,-0.4,56,3.9,8.1,0.484,0,0.2,0.118,3.9,7.8,0.495,0.486,1.5,1.8,0.822,0.5,2.2,2.7,4.8,0.8,0.1,2,1.8,9.4,0,0,0,0,0
324,"Darrell Walker","PG",27,79,2565,13.4,0.469,0.013,0.27,5.5,16.5,10.8,25,2.9,0.5,19.5,14.8,0.5,3.3,3.7,0.07,-0.9,2.7,1.9,2.5,78,3.6,8.6,0.42,0,0.1,0,3.6,8.5,0.426,0.42,1.8,2.3,0.772,1.7,4.7,6.4,6.3,2,0.3,2.3,2.7,9,0,0,0,0,0
325,"Kenny Walker","SF",24,79,1163,11.8,0.533,0.056,0.239,9.4,12.6,11,3.9,1.6,2.2,10.1,14.6,1.5,1.2,2.7,0.112,-1.3,0,-1.3,0.2,2,2.2,4.5,0.489,0.1,0.3,0.25,2.1,4.3,0.503,0.496,0.8,1.1,0.776,1.3,1.6,2.9,0.5,0.5,0.6,0.6,2.4,5.3,0,0,0,0,0
327,"Spud Webb","PG",25,81,1219,13,0.504,0.076,0.207,1.8,9.3,5.5,31,2.8,0.3,20.8,13.3,0.9,1.3,2.2,0.088,-1.2,-0.6,-1.7,0.1,6,1.6,3.6,0.459,0,0.3,0.045,1.6,3.3,0.493,0.46,0.6,0.7,0.867,0.3,1.3,1.5,3.5,0.9,0.1,1,1.3,3.9,0,0,0,0,0
328,"Chris Welp","C",25,72,843,8.7,0.484,0.005,0.329,7.8,17.9,12.8,4.5,1.3,2.8,14.2,14.6,0,0.7,0.7,0.042,-3.5,0.2,-3.3,-0.3,0,1.4,3.1,0.446,0,0,0,1.4,3.1,0.448,0.446,0.7,1,0.658,0.8,1.9,2.7,0.4,0.3,0.6,0.6,2.4,3.4,0,0,0,0,0
329,"Bill Wennington","C",25,65,1074,8.8,0.482,0.033,0.298,8.5,20.7,14.7,6,0.7,1.9,14.8,14.7,0,1.2,1.3,0.056,-3.8,0.1,-3.7,-0.5,9,1.8,4.2,0.433,0,0.1,0.111,1.8,4.1,0.444,0.435,0.9,1.3,0.744,1.3,3.1,4.4,0.7,0.2,0.5,0.8,3.2,4.6,0,0,0,0,0
330,"Mark West","C",28,82,2019,12.9,0.644,0,0.543,9.2,19.4,14.5,2.3,0.8,5.1,18.3,11.1,2.2,3.3,5.5,0.131,-1,3,2.1,2.1,32,3,4.5,0.653,0,0,NA,3,4.5,0.653,0.653,1.3,2.5,0.535,2,4.7,6.7,0.5,0.4,2.3,1.3,3.3,7.2,0,0,0,0,0
334,"Jerome Whitehead","C",32,57,622,6.9,0.432,0,0.258,8.3,15.6,11.8,4,1.7,0.4,10.6,14.2,-0.2,0.6,0.4,0.032,-4.9,-1.3,-6.2,-0.7,4,1.3,3.2,0.396,0,0,NA,1.3,3.2,0.396,0.396,0.5,0.8,0.66,0.9,1.5,2.4,0.3,0.4,0.1,0.4,2,3.1,0,0,0,0,0
336,"Dominique Wilkins","SF",29,80,2997,21.8,0.528,0.06,0.298,9.2,11,10,11.9,1.9,1,8.4,29.4,7.5,2.9,10.4,0.166,3.6,-0.9,2.6,3.5,80,10.2,22,0.464,0.4,1.3,0.276,9.8,20.6,0.475,0.472,5.5,6.6,0.844,3.2,3.7,6.9,2.6,1.5,0.7,2.3,1.7,26.2,0,0,0,0,0
337,"Eddie Lee Wilkins","C",26,71,584,10.2,0.492,0.004,0.453,13.4,14.8,14.1,1.6,0.8,1.6,16,23.2,-0.2,0.5,0.3,0.023,-4.8,-3.9,-8.7,-1,2,1.6,3.5,0.465,0,0,0,1.6,3.4,0.467,0.465,0.9,1.6,0.55,1,1.1,2.1,0.1,0.1,0.2,0.8,1.5,4.1,0,0,0,0,0
338,"Gerald Wilkins","SG",25,81,2414,13.8,0.512,0.168,0.24,4.3,7,5.6,15.3,2.2,0.5,13,20.9,2.4,1.9,4.3,0.086,0.1,-0.7,-0.5,0.9,58,5.7,12.7,0.451,0.6,2.1,0.297,5.1,10.5,0.482,0.476,2.3,3,0.756,1.2,1.8,3,3.4,1.4,0.3,2.1,2,14.3,0,0,0,0,0
339,"Buck Williams","PF",28,74,2446,14.6,0.569,0.004,0.456,11,21,15.8,4.6,1.2,0.9,14.4,16.5,3,2.1,5.2,0.101,-0.5,0.2,-0.4,1,72,5,9.5,0.531,0,0,0,5,9.4,0.534,0.531,2.9,4.3,0.666,3.4,6,9.4,1.1,0.8,0.5,1.9,3,13,0,0,0,0,0
340,"Herb Williams","C",30,76,2470,10.6,0.471,0.007,0.263,6.3,19.7,13.3,7.1,0.9,3.2,15.3,16.6,-1.2,2.6,1.4,0.027,-3.7,1.7,-2,0,66,4.2,9.7,0.436,0,0.1,0,4.2,9.7,0.439,0.436,1.8,2.6,0.686,1.8,6,7.8,1.6,0.6,1.8,2,3.1,10.2,0,0,0,0,0
341,"Hot Rod Williams","PF",26,82,2125,17.6,0.566,0.006,0.449,9.7,15.3,12.7,7.2,1.8,3.6,10.8,18.8,3.8,3.8,7.7,0.173,0.2,2.2,2.4,2.4,10,4.3,8.5,0.509,0,0,0.25,4.3,8.5,0.51,0.509,2.9,3.8,0.748,2.1,3.7,5.8,1.3,0.9,1.6,1.2,2.3,11.6,0,0,0,0,0
342,"John Williams","SF",22,82,2413,18.8,0.525,0.076,0.309,6.9,19.6,13,20.9,2.8,1.7,12.8,20.4,3.3,3.5,6.9,0.136,1.8,2.8,4.6,4,1,5.3,11.5,0.466,0.2,0.9,0.268,5.1,10.6,0.482,0.476,2.7,3.5,0.776,1.9,5.1,7,4.3,1.7,0.9,1.9,2.6,13.7,0,0,0,0,0
345,"Reggie Williams","SF",24,63,1303,12.1,0.496,0.175,0.205,5.8,8.9,7.3,11.5,2.9,1.2,15,23,-0.6,1,0.4,0.014,-1.6,-0.8,-2.4,-0.1,17,4.1,9.4,0.438,0.5,1.7,0.288,3.7,7.8,0.469,0.463,1.5,1.9,0.754,1.1,1.7,2.8,1.6,1.3,0.5,1.8,2.9,10.2,0,0,0,0,0
347,"Randy Wittman","SF",29,64,1120,8.7,0.479,0.021,0.143,2.7,5.1,3.9,13.5,1,0.1,9.5,12.4,0.6,0.2,0.7,0.031,-2.7,-1.7,-4.4,-0.7,13,2,4.5,0.455,0,0.1,0.5,2,4.4,0.454,0.46,0.4,0.6,0.683,0.4,0.8,1.3,1.7,0.4,0,0.5,0.7,4.5,0,0,0,0,0
348,"Joe Wolf","C",24,66,1450,7,0.449,0.035,0.159,6.1,13.8,10,10.1,1,0.6,17.9,14.3,-1.1,0.7,-0.5,-0.016,-4.4,-0.5,-4.9,-1.1,15,2.6,6.1,0.423,0,0.2,0.143,2.5,5.9,0.433,0.425,0.7,1,0.688,1.3,2.8,4.1,1.7,0.5,0.2,1.4,2.3,5.8,0,0,0,0,0
350,"Mike Woodson","SG",30,81,2259,12,0.503,0.095,0.253,2.5,6.8,4.6,13.5,1.9,0.5,11.6,20.9,1.1,2.3,3.5,0.074,-1.2,-0.8,-2,0,79,5.1,11.6,0.438,0.4,1.1,0.348,4.7,10.5,0.447,0.455,2.4,2.9,0.823,0.6,1.8,2.4,2.5,1.1,0.2,1.7,2.4,12.9,0,0,0,0,0
351,"Orlando Woolridge","SF",29,74,1491,14,0.554,0.002,0.694,6.5,13.2,10.1,5.2,1,2.5,13.8,20.7,1.7,1.6,3.3,0.105,-2,-0.8,-2.8,-0.3,0,3.1,6.7,0.468,0,0,0,3.1,6.7,0.469,0.468,3.4,4.6,0.738,1.1,2.6,3.6,0.8,0.4,0.9,1.4,1.8,9.7,0,0,0,0,0
352,"James Worthy","SF",27,81,2960,19,0.582,0.018,0.25,6.8,11.3,9.2,14.6,1.7,1.1,11.3,22.4,6.6,3.1,9.7,0.158,2.8,0.3,3.1,3.8,81,8.7,15.8,0.548,0,0.3,0.087,8.6,15.5,0.556,0.548,3.1,4,0.782,2.1,4,6,3.6,1.3,0.7,2.2,2.2,20.5,0,0,0,0,0
